balanced_accuracy,macro_f1,macro_auprc,minimum_shared_features,median_shared_features,train_cells,test_cells,features,representation,k,protocol
0.8853851827473049,0.8991497855554528,0.9374118351679216,3251,4930.0,660,1060,10011,raw_distance_profile,5,reference_sample_fit_heldout_sample_test
0.8682084595375394,0.8868917553060054,0.958864456901444,3251,4930.0,660,1060,10011,raw_distance_profile,15,reference_sample_fit_heldout_sample_test
0.859633115178948,0.8819214722867701,0.9642767441642952,3251,4930.0,660,1060,10011,raw_distance_profile,50,reference_sample_fit_heldout_sample_test
0.8925165249125202,0.9032010204676576,0.9424110000874848,3251,4930.0,660,1060,10011,calibrated_distance_profile,5,reference_sample_fit_heldout_sample_test
0.8924691487853008,0.9051075410639438,0.9645333173899028,3251,4930.0,660,1060,10011,calibrated_distance_profile,15,reference_sample_fit_heldout_sample_test
0.8709621484478243,0.8901018422212317,0.9664101264400268,3251,4930.0,660,1060,10011,calibrated_distance_profile,50,reference_sample_fit_heldout_sample_test
0.8952876799069537,0.9033817840072556,0.9521390274519286,3251,4930.0,660,1060,10011,direct_bin_difference,5,reference_sample_fit_heldout_sample_test
0.905176811372412,0.9167626269623648,0.9690557302644828,3251,4930.0,660,1060,10011,direct_bin_difference,15,reference_sample_fit_heldout_sample_test
0.8887816440135893,0.9064599579674224,0.9685590902415838,3251,4930.0,660,1060,10011,direct_bin_difference,50,reference_sample_fit_heldout_sample_test
0.9011443666234192,0.9086060573659478,0.9524047792709308,3251,4930.0,660,1060,10011,absolute_bin_difference,5,reference_sample_fit_heldout_sample_test
0.9035454656864876,0.9149880140004768,0.9707295533797478,3251,4930.0,660,1060,10011,absolute_bin_difference,15,reference_sample_fit_heldout_sample_test
0.8978316042474789,0.9140792854975164,0.9693125123536342,3251,4930.0,660,1060,10011,absolute_bin_difference,50,reference_sample_fit_heldout_sample_test
0.9008978445298532,0.910556839949236,0.950882363415534,10011,10011.0,660,1060,10011,pair_mask,5,reference_sample_fit_heldout_sample_test
0.9017922047938316,0.9111647548294032,0.9679673211557194,10011,10011.0,660,1060,10011,pair_mask,15,reference_sample_fit_heldout_sample_test
0.8964744859926758,0.910532981078541,0.9683927870833544,10011,10011.0,660,1060,10011,pair_mask,50,reference_sample_fit_heldout_sample_test
0.3450974426984569,0.3474058409999117,0.3424490856582816,1,1.0,660,1060,1,distance_scalar,5,reference_sample_fit_heldout_sample_test
0.3491942394874611,0.3515092030990722,0.3580181924615684,1,1.0,660,1060,1,distance_scalar,15,reference_sample_fit_heldout_sample_test
0.3489686274646199,0.3494071479602979,0.362450137619512,1,1.0,660,1060,1,distance_scalar,50,reference_sample_fit_heldout_sample_test
0.2512770508948585,0.2269697499299786,0.2444269983557092,2102,3921.0,660,1060,10011,gene_shuffled_distance,5,reference_sample_fit_heldout_sample_test
0.2464036095587881,0.2268607514856283,0.2497604878219074,2102,3921.0,660,1060,10011,gene_shuffled_distance,15,reference_sample_fit_heldout_sample_test
0.2400366928211872,0.2042182916724228,0.2398867090936964,2102,3921.0,660,1060,10011,gene_shuffled_distance,50,reference_sample_fit_heldout_sample_test
0.8413512377755953,0.8515701289433828,0.9107966591453426,128,128.0,660,1060,128,state,5,reference_sample_fit_heldout_sample_test
0.860403189298654,0.8733490531995878,0.9351264926237592,128,128.0,660,1060,128,state,15,reference_sample_fit_heldout_sample_test
0.8271907946654625,0.8492392909385523,0.9284275070632336,128,128.0,660,1060,128,state,50,reference_sample_fit_heldout_sample_test
0.7779360910493209,0.7951837658574263,0.8724316202632663,128,128.0,660,1060,128,u_only,5,reference_sample_fit_heldout_sample_test
0.7673255008724369,0.7903172616543142,0.8868421723894055,128,128.0,660,1060,128,u_only,15,reference_sample_fit_heldout_sample_test
0.6783316228910399,0.6946259132812388,0.8597042967479704,128,128.0,660,1060,128,u_only,50,reference_sample_fit_heldout_sample_test
0.781109582955731,0.7958519102508337,0.8775333918574559,128,128.0,660,1060,128,s_only,5,reference_sample_fit_heldout_sample_test
0.764900686040421,0.7841542030793369,0.8873444973008855,128,128.0,660,1060,128,s_only,15,reference_sample_fit_heldout_sample_test
0.6753126511113046,0.6915379454160205,0.8568801964625697,128,128.0,660,1060,128,s_only,50,reference_sample_fit_heldout_sample_test
0.7934826524435478,0.8098633898839268,0.8827633825585344,256,256.0,660,1060,256,concatenated_u_s,5,reference_sample_fit_heldout_sample_test
0.7828223152019034,0.8024925107930052,0.8960086807312831,256,256.0,660,1060,256,concatenated_u_s,15,reference_sample_fit_heldout_sample_test
0.6838485984798925,0.7017473935832056,0.8631570807947401,256,256.0,660,1060,256,concatenated_u_s,50,reference_sample_fit_heldout_sample_test
0.7110865384658008,0.7235555518562393,0.7875899395820175,128,128.0,660,1060,128,signed_kinetic,5,reference_sample_fit_heldout_sample_test
0.6937616034216041,0.7101120559603504,0.7800752284383088,128,128.0,660,1060,128,signed_kinetic,15,reference_sample_fit_heldout_sample_test
0.6132376467270414,0.6110075621024675,0.750077981481565,128,128.0,660,1060,128,signed_kinetic,50,reference_sample_fit_heldout_sample_test
0.8280184873625641,0.8431152754287286,0.8935437985092588,128,128.0,660,1060,128,absolute_kinetic,5,reference_sample_fit_heldout_sample_test
0.7998733552790296,0.8208551709932731,0.9023144029659989,128,128.0,660,1060,128,absolute_kinetic,15,reference_sample_fit_heldout_sample_test
0.7562577609044031,0.7750065168071195,0.8744837068967628,128,128.0,660,1060,128,absolute_kinetic,50,reference_sample_fit_heldout_sample_test
0.8946844675762133,0.9027362998535222,0.9524550481630653,3251,4930.0,660,1060,10011,continuous_moments_difference,5,reference_sample_fit_heldout_sample_test
0.9034038242794166,0.9141271098625614,0.9682649283334546,3251,4930.0,660,1060,10011,continuous_moments_difference,15,reference_sample_fit_heldout_sample_test
0.894873050349822,0.9107479000881912,0.9688345505184066,3251,4930.0,660,1060,10011,continuous_moments_difference,50,reference_sample_fit_heldout_sample_test
0.9005372201347458,0.9086298724667689,0.950586531076132,3251,4930.0,660,1060,10011,continuous_moments_abs_difference,5,reference_sample_fit_heldout_sample_test
0.904334889853296,0.9154152203576802,0.9684429572057792,3251,4930.0,660,1060,10011,continuous_moments_abs_difference,15,reference_sample_fit_heldout_sample_test
0.8915827090510934,0.9075141729621268,0.9677044232064296,3251,4930.0,660,1060,10011,continuous_moments_abs_difference,50,reference_sample_fit_heldout_sample_test
0.901006714784956,0.9094849335292332,0.9509436868542804,10011,10011.0,660,1060,10011,continuous_moments_total,5,reference_sample_fit_heldout_sample_test
0.90247669286347,0.9128084069845984,0.9701260738862074,10011,10011.0,660,1060,10011,continuous_moments_total,15,reference_sample_fit_heldout_sample_test
0.9056830081357532,0.919448452713835,0.970673587163244,10011,10011.0,660,1060,10011,continuous_moments_total,50,reference_sample_fit_heldout_sample_test
0.8994932947371554,0.9081582146950218,0.9526638768064456,5030,6479.0,660,1060,10703,u_bin_profile,5,reference_sample_fit_heldout_sample_test
0.903342274740858,0.9112479671662111,0.9691248739627424,5030,6479.0,660,1060,10703,u_bin_profile,15,reference_sample_fit_heldout_sample_test
0.9042090958993064,0.9166181995392522,0.9709183523558498,5030,6479.0,660,1060,10703,u_bin_profile,50,reference_sample_fit_heldout_sample_test
0.900424360311035,0.908641064042265,0.949265463430614,5789,7699.0,660,1060,12290,s_bin_profile,5,reference_sample_fit_heldout_sample_test
0.9059938854661004,0.9164713070590134,0.967426388624634,5789,7699.0,660,1060,12290,s_bin_profile,15,reference_sample_fit_heldout_sample_test
0.8978671224902246,0.911673193898544,0.9677028725802018,5789,7699.0,660,1060,12290,s_bin_profile,50,reference_sample_fit_heldout_sample_test
0.8969348176352845,0.90410913368517,0.9519879363591376,10703,10703.0,660,1060,10703,mu_profile,5,reference_sample_fit_heldout_sample_test
0.908005526336796,0.9169279845347033,0.9690495039797457,10703,10703.0,660,1060,10703,mu_profile,15,reference_sample_fit_heldout_sample_test
0.9030890127911366,0.918113317984668,0.9718825971007538,10703,10703.0,660,1060,10703,mu_profile,50,reference_sample_fit_heldout_sample_test
0.8956155331500928,0.904020887150216,0.9495841759547268,12290,12290.0,660,1060,12290,ms_profile,5,reference_sample_fit_heldout_sample_test
0.9029343296292064,0.9141187906523096,0.9705766434334556,12290,12290.0,660,1060,12290,ms_profile,15,reference_sample_fit_heldout_sample_test
0.8986170942563544,0.91592073699013,0.9705908174215448,12290,12290.0,660,1060,12290,ms_profile,50,reference_sample_fit_heldout_sample_test
0.9020360352072951,0.9145120441219059,0.9512707138066219,3251,4930.0,660,1060,10011,u_hidden_sum_profile,5,reference_sample_fit_heldout_sample_test
0.8834350914151677,0.9024628575539331,0.9701344631855986,3251,4930.0,660,1060,10011,u_hidden_sum_profile,15,reference_sample_fit_heldout_sample_test
0.8591269706295119,0.8824366191290283,0.9676803981872342,3251,4930.0,660,1060,10011,u_hidden_sum_profile,50,reference_sample_fit_heldout_sample_test
0.883736913362494,0.897967732990637,0.9475077559158042,3251,4930.0,660,1060,10011,s_hidden_sum_profile,5,reference_sample_fit_heldout_sample_test
0.8908367268535715,0.9057102404659486,0.9612009706083384,3251,4930.0,660,1060,10011,s_hidden_sum_profile,15,reference_sample_fit_heldout_sample_test
0.8640802416989779,0.8863642528684872,0.9606415684020364,3251,4930.0,660,1060,10011,s_hidden_sum_profile,50,reference_sample_fit_heldout_sample_test
0.8932326524776466,0.9065385721712239,0.945226777656037,6502,9860.0,660,1060,20022,concat_hidden_sum_profile,5,reference_sample_fit_heldout_sample_test
0.8878099421686456,0.9044288729913026,0.964036413641869,6502,9860.0,660,1060,20022,concat_hidden_sum_profile,15,reference_sample_fit_heldout_sample_test
0.8702489342055008,0.890445023683241,0.9664764365556802,6502,9860.0,660,1060,20022,concat_hidden_sum_profile,50,reference_sample_fit_heldout_sample_test
