file,source_relative,source_sha256,published_sha256,bytes,transformation
reports/full_benchmark_REPORT_CN.md,scUS/outputs/paper/distance_task_exploration/full_benchmark/REPORT_CN.md,9406bbbe8f529b2dd9d7e9135337dd24e70d353c9923a5015ef34a2423941d79,9406bbbe8f529b2dd9d7e9135337dd24e70d353c9923a5015ef34a2423941d79,1322,portable markdown links; excluded references marked; workspace paths redacted
figures/forebrain_gene_context_examples/01B_fixed_token_distance_with_same_sample_bins.pdf,scUS/outputs/paper/forebrain_gene_context_examples/01B_fixed_token_distance_with_same_sample_bins.pdf,78cb5238daba56421edde11ebb90f919b946ba5263e48c420bb421d0bc2ede56,78cb5238daba56421edde11ebb90f919b946ba5263e48c420bb421d0bc2ede56,239900,byte-identical
figures/forebrain_gene_context_examples/01B_fixed_token_distance_with_same_sample_bins.png,scUS/outputs/paper/forebrain_gene_context_examples/01B_fixed_token_distance_with_same_sample_bins.png,e8f577b4ec509f1f94b926ac03a6dab432b9d7187e423d251e6367b0d8cc017d,e8f577b4ec509f1f94b926ac03a6dab432b9d7187e423d251e6367b0d8cc017d,2591729,byte-identical
tables/forebrain_gene_context_examples/01B_same_sample_bin_plot_data.csv,scUS/outputs/paper/forebrain_gene_context_examples/01B_same_sample_bin_plot_data.csv,c4f674e1ddddf09d687eca254beed4eb0e25fb8ac3e941f5f6019a95ceeb0547,c4f674e1ddddf09d687eca254beed4eb0e25fb8ac3e941f5f6019a95ceeb0547,434325,byte-identical
figures/forebrain_gene_context_examples/01_fixed_token_hidden_examples_distance.pdf,scUS/outputs/paper/forebrain_gene_context_examples/01_fixed_token_hidden_examples_distance.pdf,29157789d0c9d143d8787fb297154266d2e52f7fd618c5ad843beab01e72858a,29157789d0c9d143d8787fb297154266d2e52f7fd618c5ad843beab01e72858a,110435,byte-identical
figures/forebrain_gene_context_examples/01_fixed_token_hidden_examples_distance.png,scUS/outputs/paper/forebrain_gene_context_examples/01_fixed_token_hidden_examples_distance.png,1a2cb7f7b877900d279e33307c569a923c114ec432d3ad75939fd6fb76a34f5b,1a2cb7f7b877900d279e33307c569a923c114ec432d3ad75939fd6fb76a34f5b,1689273,byte-identical
figures/forebrain_gene_context_examples/03_input_random_pretrained_attribution.pdf,scUS/outputs/paper/forebrain_gene_context_examples/03_input_random_pretrained_attribution.pdf,fef2c88f01b3838fe330ce7ebe3ff3ffbfa18b73274c9c2a1ad2c0ac491d6f91,fef2c88f01b3838fe330ce7ebe3ff3ffbfa18b73274c9c2a1ad2c0ac491d6f91,30488,byte-identical
figures/forebrain_gene_context_examples/03_input_random_pretrained_attribution.png,scUS/outputs/paper/forebrain_gene_context_examples/03_input_random_pretrained_attribution.png,915c541c44d4d24b22588600bbb23be86118b66ca5c90a158a5e17ef50f40b92,915c541c44d4d24b22588600bbb23be86118b66ca5c90a158a5e17ef50f40b92,306792,byte-identical
figures/forebrain_gene_context_examples/05_forebrain_panel_vs_matched_null.pdf,scUS/outputs/paper/forebrain_gene_context_examples/05_forebrain_panel_vs_matched_null.pdf,8d432cbf51551493669322adfd4ee22a53165001d6d1c2a00d166a4c1c693fd5,8d432cbf51551493669322adfd4ee22a53165001d6d1c2a00d166a4c1c693fd5,18834,byte-identical
figures/forebrain_gene_context_examples/05_forebrain_panel_vs_matched_null.png,scUS/outputs/paper/forebrain_gene_context_examples/05_forebrain_panel_vs_matched_null.png,662cb7dd7384f762011686c66d8a9c9e160f8ec4e3738b55e15d364f8f9d249d,662cb7dd7384f762011686c66d8a9c9e160f8ec4e3738b55e15d364f8f9d249d,188312,byte-identical
reports/forebrain_gene_context_examples_REPORT_CN.md,scUS/outputs/paper/forebrain_gene_context_examples/REPORT_CN.md,92de975ecc389adf2a9403e5021007faee5729bdf3714554b3601ab56f8bbdd9,bbf28828e5913c6ea3a49ac7bef421dd2a4a9776640fd9eed20d71339c0767e5,3565,portable markdown links; excluded references marked; workspace paths redacted
tables/forebrain_gene_context_examples/analysis_summary.json,scUS/outputs/paper/forebrain_gene_context_examples/analysis_summary.json,67340a61fabb72ffccfca8bf212e08e326446f38c965fb4b131ddb14c24de4a3,67340a61fabb72ffccfca8bf212e08e326446f38c965fb4b131ddb14c24de4a3,491,byte-identical
tables/forebrain_gene_context_examples/gene_context_scores.csv,scUS/outputs/paper/forebrain_gene_context_examples/gene_context_scores.csv,5e2e990441a3fbaf2a39870caa466414ed87421afac1d7d11903534df29f3566,5e2e990441a3fbaf2a39870caa466414ed87421afac1d7d11903534df29f3566,28458,byte-identical
tables/forebrain_gene_context_examples/gene_panel.csv,scUS/outputs/paper/forebrain_gene_context_examples/gene_panel.csv,78746e46f02ea520087adaf2740b0f2ced6c0f0664264c2c0c84c0bbef22c4ec,78746e46f02ea520087adaf2740b0f2ced6c0f0664264c2c0c84c0bbef22c4ec,2902,byte-identical
tables/forebrain_gene_context_examples/matched_panel_null.csv,scUS/outputs/paper/forebrain_gene_context_examples/matched_panel_null.csv,a1bc637522401f5d9f7f863e2d6863fd72187894651d522bfd1cf054f1741727,a1bc637522401f5d9f7f863e2d6863fd72187894651d522bfd1cf054f1741727,69338,byte-identical
tables/forebrain_gene_context_examples/model_manifest.csv,scUS/outputs/paper/forebrain_gene_context_examples/model_manifest.csv,71886473565af1589a62f89ee89fb52cad5d6d18595a4c5332440bbe1a7f39c3,71886473565af1589a62f89ee89fb52cad5d6d18595a4c5332440bbe1a7f39c3,479,byte-identical
tables/forebrain_gene_context_examples/replicated_scalar_effects.csv,scUS/outputs/paper/forebrain_gene_context_examples/replicated_scalar_effects.csv,9b6128e7e549cea209e7e6edec080cdbee89486c6533c5065b9f3c31aa0ba351,9b6128e7e549cea209e7e6edec080cdbee89486c6533c5065b9f3c31aa0ba351,5628496,byte-identical
tables/forebrain_gene_context_examples/spotlight_cell_values.csv,scUS/outputs/paper/forebrain_gene_context_examples/spotlight_cell_values.csv,770a1335f9759cb23d9a10291e75a93865c1bf3527a73f6720e4bbfe92f5dd1c,770a1335f9759cb23d9a10291e75a93865c1bf3527a73f6720e4bbfe92f5dd1c,238484,byte-identical
tables/forebrain_gene_context_examples/spotlight_manifest.csv,scUS/outputs/paper/forebrain_gene_context_examples/spotlight_manifest.csv,1da109d0a41c4fa1682677ab4010d18662c19f1d1c77014c13d641a8305dde10,1da109d0a41c4fa1682677ab4010d18662c19f1d1c77014c13d641a8305dde10,237,byte-identical
reports/four_model_us_neighbors_REPORT_CN.md,scUS/outputs/paper/four_model_us_neighbors/REPORT_CN.md,2dcc19ad51dd005499dddb9937792bcdde3f3ad0f6d08c224d894d4094329ef0,cdd44914e30ec7af2dd1db08bb2df5108a9f3bae2e67571e4b181633e70b75f4,9787,portable markdown links; excluded references marked; workspace paths redacted
tables/four_model_us_neighbors/consistency_summary.csv,scUS/outputs/paper/four_model_us_neighbors/consistency_summary.csv,d7e728e5d23f1dd7f12c15e53ee4e737894de15e296f0fd03df70eccccce4c0f,d7e728e5d23f1dd7f12c15e53ee4e737894de15e296f0fd03df70eccccce4c0f,4371,byte-identical
reports/forebrain_REPORT_CN.md,scUS/outputs/paper/iclr_distance_core_20260914/benchmark/forebrain/REPORT_CN.md,61b35719c65f63a958bd75ec3132f5dbd9e9a7e40d6b08047fb69a5aae59504c,61b35719c65f63a958bd75ec3132f5dbd9e9a7e40d6b08047fb69a5aae59504c,1667,portable markdown links; excluded references marked; workspace paths redacted
tables/forebrain/incremental_metrics.csv,scUS/outputs/paper/iclr_distance_core_20260914/benchmark/forebrain/incremental_metrics.csv,cefd3afb9e05081810a597823ca2691ca02bda19917c62372787bd531197ca9a,cefd3afb9e05081810a597823ca2691ca02bda19917c62372787bd531197ca9a,393,byte-identical
figures/pretraining_epoch_distance_multilevel/07_distance_vs_downstream_performance.pdf,scUS/outputs/paper/pretraining_epoch_distance_multilevel/07_distance_vs_downstream_performance.pdf,acbf9250700e5100921fcafb2bacf2546ccca3582ff743adb69626a0554eb4dc,acbf9250700e5100921fcafb2bacf2546ccca3582ff743adb69626a0554eb4dc,20242,byte-identical
figures/pretraining_epoch_distance_multilevel/07_distance_vs_downstream_performance.png,scUS/outputs/paper/pretraining_epoch_distance_multilevel/07_distance_vs_downstream_performance.png,6341b067f5724e144042b2382d6771808dbce6f8403c50c414bd98f725f0a6cc,6341b067f5724e144042b2382d6771808dbce6f8403c50c414bd98f725f0a6cc,351808,byte-identical
tables/pretraining_epoch_distance_multilevel/07_distance_vs_downstream_performance_data.csv,scUS/outputs/paper/pretraining_epoch_distance_multilevel/07_distance_vs_downstream_performance_data.csv,2cd2851aaac1b3a9191486e5bd9b8b5a0d0faa3d53aea3e8f9110cea1f7b2cda,2cd2851aaac1b3a9191486e5bd9b8b5a0d0faa3d53aea3e8f9110cea1f7b2cda,952,byte-identical
figures/relational_geometry_story/01A_forebrain_cell_state_expanded.pdf,scUS/outputs/paper/relational_geometry_story/01A_forebrain_cell_state_expanded.pdf,9a6c0809925a1ed5064e9a948e2f161efcf9e41cb1392406243bc782cab0933e,9a6c0809925a1ed5064e9a948e2f161efcf9e41cb1392406243bc782cab0933e,17259,byte-identical
figures/relational_geometry_story/01A_forebrain_cell_state_expanded.png,scUS/outputs/paper/relational_geometry_story/01A_forebrain_cell_state_expanded.png,62602b1dee8ce0e1fe7a754b76f1ae6dd014120820c82801a9e19d14f064aaf9,62602b1dee8ce0e1fe7a754b76f1ae6dd014120820c82801a9e19d14f064aaf9,482158,byte-identical
figures/relational_geometry_story/04_task_geometry_tradeoff.pdf,scUS/outputs/paper/relational_geometry_story/04_task_geometry_tradeoff.pdf,d47cbc536538011254d41fd154dd69e8e824c645fbc7e784b99529e65543732d,d47cbc536538011254d41fd154dd69e8e824c645fbc7e784b99529e65543732d,22562,byte-identical
figures/relational_geometry_story/04_task_geometry_tradeoff.png,scUS/outputs/paper/relational_geometry_story/04_task_geometry_tradeoff.png,eb2a40dd738b07620fc04be70bf0008444e22f49d1a88d3bdeb55318f6190917,eb2a40dd738b07620fc04be70bf0008444e22f49d1a88d3bdeb55318f6190917,363676,byte-identical
tables/relational_geometry_story/04_task_geometry_tradeoff_data.csv,scUS/outputs/paper/relational_geometry_story/04_task_geometry_tradeoff_data.csv,733def86a2b5ef1fe5ffee9aac9c1b86eeed9354ac63ead2450cc35fef050afc,733def86a2b5ef1fe5ffee9aac9c1b86eeed9354ac63ead2450cc35fef050afc,646,byte-identical
figures/cell_state_hidden_sum/02_all_representations_umap_celltype.pdf,scUS/outputs/paper/relational_geometry_story/cell_state_hidden_sum/02_all_representations_umap_celltype.pdf,18789524cf0e62559f2d34e8c44507f460b9dd1dda6d873410fa2c302a41eee8,18789524cf0e62559f2d34e8c44507f460b9dd1dda6d873410fa2c302a41eee8,3283714,byte-identical
figures/cell_state_hidden_sum/02_all_representations_umap_celltype.png,scUS/outputs/paper/relational_geometry_story/cell_state_hidden_sum/02_all_representations_umap_celltype.png,b0d71b28d5202bde4fc89ff26482d5038afa0ca575c9b04a6502c75faa792be0,b0d71b28d5202bde4fc89ff26482d5038afa0ca575c9b04a6502c75faa792be0,6000630,byte-identical
tables/cell_state_hidden_sum/profile_metrics_combined.csv,scUS/outputs/paper/relational_geometry_story/cell_state_hidden_sum/profile_metrics_combined.csv,0bc91f57b6141764eac5a2e3649dfe9f9b7ff40c8e379853e855203b252d5175,0bc91f57b6141764eac5a2e3649dfe9f9b7ff40c8e379853e855203b252d5175,10098,byte-identical
figures/us_distance_multilevel_finetune/00_multilevel_distance_overview.pdf,scUS/outputs/paper/us_distance_multilevel_finetune/00_multilevel_distance_overview.pdf,2cdc7b0fe20a0edb8f5b875314e5315ca68d4111a354f530539f88e4be74b114,2cdc7b0fe20a0edb8f5b875314e5315ca68d4111a354f530539f88e4be74b114,24989,byte-identical
figures/us_distance_multilevel_finetune/00_multilevel_distance_overview.png,scUS/outputs/paper/us_distance_multilevel_finetune/00_multilevel_distance_overview.png,00943a8f7fa433c6ea1c9cc394f0f9f622e31da86ca754444c788a18859318bf,00943a8f7fa433c6ea1c9cc394f0f9f622e31da86ca754444c788a18859318bf,381013,byte-identical
reports/us_distance_multilevel_finetune_REPORT_CN.md,scUS/outputs/paper/us_distance_multilevel_finetune/REPORT_CN.md,b8e2f1e7214dd293857b72c55ce093f384bf8f712a8bb4c57623e087ee36fe6d,ddb11bfb8b9bec5516b6848c09caef26a513f41a18371a2c5bafdb669f26eef4,4016,portable markdown links; excluded references marked; workspace paths redacted
tables/us_distance_multilevel_finetune/level_distribution_summary.csv,scUS/outputs/paper/us_distance_multilevel_finetune/level_distribution_summary.csv,1e26552f145dad7540b2b4a211bbc9b1b1761474b2e196125ba4c267dabf7969,1e26552f145dad7540b2b4a211bbc9b1b1761474b2e196125ba4c267dabf7969,1794,byte-identical
source_snapshot/iclr_distance.py,scUS/src/scus/iclr_distance.py,4eb880989ad8c3dae0d66266d39dcd55e6e994d8d067fe690c1d7bbd0ecae8f0,4eb880989ad8c3dae0d66266d39dcd55e6e994d8d067fe690c1d7bbd0ecae8f0,84515,byte-identical
MODALITY_DIFFERENCES_AS_CELL_REPRESENTATIONS_CN.md,scUS_results/iclr2027_biology_design/MODALITY_DIFFERENCES_AS_CELL_REPRESENTATIONS_CN.md,584ed46743e20c198f467c04dc0c45257b150f59718a54d858385e78efa906ff,958a653bf39c7731a0f1d429c30534b694d7f17794798a19d2c4377c3b2f8ca7,18249,portable markdown links; excluded references marked; workspace paths redacted
figures/erythroid/01_module_stage_validation.pdf,scUS_results/iclr2027_biology_design/analysis/erythroid/01_module_stage_validation.pdf,19cbbf44417818045e1fd320d0e667f08298cd44009985ab5b14eb5ca774880b,19cbbf44417818045e1fd320d0e667f08298cd44009985ab5b14eb5ca774880b,13311,byte-identical
figures/erythroid/01_module_stage_validation.png,scUS_results/iclr2027_biology_design/analysis/erythroid/01_module_stage_validation.png,c889c91edf6b794dd15a707c4ad14275f374e67d5bfed87ee3b92dcf17d8538e,c889c91edf6b794dd15a707c4ad14275f374e67d5bfed87ee3b92dcf17d8538e,77767,byte-identical
reports/erythroid_README_CN.md,scUS_results/iclr2027_biology_design/analysis/erythroid/README_CN.md,ae8f8e27f4f04c00bd113e5b513382212e8b63d70849f2f0a51c33ca048485b2,b08f81a87de28d36a84c6589fd9b8b10be123fad7fff3cef12522574b0d94808,1142,portable markdown links; excluded references marked; workspace paths redacted
tables/erythroid/module_stage_metrics.csv,scUS_results/iclr2027_biology_design/analysis/erythroid/module_stage_metrics.csv,1e470d501ad3002bd728d3e383a44ba3265504364c91f6e62fa0b1c314477fb8,1e470d501ad3002bd728d3e383a44ba3265504364c91f6e62fa0b1c314477fb8,920,byte-identical
