document,label,source_relative,reason
reports/forebrain_gene_context_examples_REPORT_CN.md,固定token实例：U hidden,scUS/outputs/paper/forebrain_gene_context_examples/01_fixed_token_hidden_examples_u.png,Outside the directly cited lightweight results snapshot
reports/forebrain_gene_context_examples_REPORT_CN.md,S hidden,scUS/outputs/paper/forebrain_gene_context_examples/01_fixed_token_hidden_examples_s.png,Outside the directly cited lightweight results snapshot
reports/forebrain_gene_context_examples_REPORT_CN.md,跨sample复现,scUS/outputs/paper/forebrain_gene_context_examples/02_panel_cross_sample_replicability.png,Outside the directly cited lightweight results snapshot
reports/forebrain_gene_context_examples_REPORT_CN.md,共同Mu-UMAP上的输入与hidden residual,scUS/outputs/paper/forebrain_gene_context_examples/04_gene_context_umap_overlays.png,Outside the directly cited lightweight results snapshot
reports/forebrain_gene_context_examples_REPORT_CN.md,U、S与cosine distance对照,scUS/outputs/paper/forebrain_gene_context_examples/06_u_s_and_distance_context_effects.png,Outside the directly cited lightweight results snapshot
reports/four_model_us_neighbors_REPORT_CN.md,总览,scUS/outputs/paper/four_model_us_neighbors/figures/00_overview.png,Outside the directly cited lightweight results snapshot
reports/four_model_us_neighbors_REPORT_CN.md,00_overview,scUS/outputs/paper/four_model_us_neighbors/figures/00_overview.png,Outside the directly cited lightweight results snapshot
reports/four_model_us_neighbors_REPORT_CN.md,PDF,scUS/outputs/paper/four_model_us_neighbors/figures/00_overview.pdf,Outside the directly cited lightweight results snapshot
reports/four_model_us_neighbors_REPORT_CN.md,CSV,scUS/outputs/paper/four_model_us_neighbors/figures/00_overview_data.csv,Outside the directly cited lightweight results snapshot
reports/four_model_us_neighbors_REPORT_CN.md,01_agreement_k10,scUS/outputs/paper/four_model_us_neighbors/figures/01_agreement_k10.png,Outside the directly cited lightweight results snapshot
reports/four_model_us_neighbors_REPORT_CN.md,PDF,scUS/outputs/paper/four_model_us_neighbors/figures/01_agreement_k10.pdf,Outside the directly cited lightweight results snapshot
reports/four_model_us_neighbors_REPORT_CN.md,CSV,scUS/outputs/paper/four_model_us_neighbors/figures/01_agreement_k10_data.csv,Outside the directly cited lightweight results snapshot
reports/four_model_us_neighbors_REPORT_CN.md,01b_strata_k10,scUS/outputs/paper/four_model_us_neighbors/figures/01b_strata_k10.png,Outside the directly cited lightweight results snapshot
reports/four_model_us_neighbors_REPORT_CN.md,PDF,scUS/outputs/paper/four_model_us_neighbors/figures/01b_strata_k10.pdf,Outside the directly cited lightweight results snapshot
reports/four_model_us_neighbors_REPORT_CN.md,CSV,scUS/outputs/paper/four_model_us_neighbors/figures/01b_strata_k10_data.csv,Outside the directly cited lightweight results snapshot
reports/four_model_us_neighbors_REPORT_CN.md,02_quality_k10,scUS/outputs/paper/four_model_us_neighbors/figures/02_quality_k10.png,Outside the directly cited lightweight results snapshot
reports/four_model_us_neighbors_REPORT_CN.md,PDF,scUS/outputs/paper/four_model_us_neighbors/figures/02_quality_k10.pdf,Outside the directly cited lightweight results snapshot
reports/four_model_us_neighbors_REPORT_CN.md,CSV,scUS/outputs/paper/four_model_us_neighbors/figures/02_quality_k10_data.csv,Outside the directly cited lightweight results snapshot
reports/four_model_us_neighbors_REPORT_CN.md,02b_composition_k10,scUS/outputs/paper/four_model_us_neighbors/figures/02b_composition_k10.png,Outside the directly cited lightweight results snapshot
reports/four_model_us_neighbors_REPORT_CN.md,PDF,scUS/outputs/paper/four_model_us_neighbors/figures/02b_composition_k10.pdf,Outside the directly cited lightweight results snapshot
reports/four_model_us_neighbors_REPORT_CN.md,CSV,scUS/outputs/paper/four_model_us_neighbors/figures/02b_composition_k10_data.csv,Outside the directly cited lightweight results snapshot
reports/four_model_us_neighbors_REPORT_CN.md,02c_metric_sensitivity_k10,scUS/outputs/paper/four_model_us_neighbors/figures/02c_metric_sensitivity_k10.png,Outside the directly cited lightweight results snapshot
reports/four_model_us_neighbors_REPORT_CN.md,PDF,scUS/outputs/paper/four_model_us_neighbors/figures/02c_metric_sensitivity_k10.pdf,Outside the directly cited lightweight results snapshot
reports/four_model_us_neighbors_REPORT_CN.md,CSV,scUS/outputs/paper/four_model_us_neighbors/figures/02c_metric_sensitivity_k10_data.csv,Outside the directly cited lightweight results snapshot
reports/four_model_us_neighbors_REPORT_CN.md,03_cell_type_umaps,scUS/outputs/paper/four_model_us_neighbors/figures/03_cell_type_umaps.png,Outside the directly cited lightweight results snapshot
reports/four_model_us_neighbors_REPORT_CN.md,PDF,scUS/outputs/paper/four_model_us_neighbors/figures/03_cell_type_umaps.pdf,Outside the directly cited lightweight results snapshot
reports/four_model_us_neighbors_REPORT_CN.md,CSV,scUS/outputs/paper/four_model_us_neighbors/figures/03_cell_type_umaps_data.csv,Outside the directly cited lightweight results snapshot
reports/four_model_us_neighbors_REPORT_CN.md,03_overlap_umaps_k10,scUS/outputs/paper/four_model_us_neighbors/figures/03_overlap_umaps_k10.png,Outside the directly cited lightweight results snapshot
reports/four_model_us_neighbors_REPORT_CN.md,PDF,scUS/outputs/paper/four_model_us_neighbors/figures/03_overlap_umaps_k10.pdf,Outside the directly cited lightweight results snapshot
reports/four_model_us_neighbors_REPORT_CN.md,CSV,scUS/outputs/paper/four_model_us_neighbors/figures/03_overlap_umaps_k10_data.csv,Outside the directly cited lightweight results snapshot
reports/four_model_us_neighbors_REPORT_CN.md,04_distance_agreement_k10,scUS/outputs/paper/four_model_us_neighbors/figures/04_distance_agreement_k10.png,Outside the directly cited lightweight results snapshot
reports/four_model_us_neighbors_REPORT_CN.md,PDF,scUS/outputs/paper/four_model_us_neighbors/figures/04_distance_agreement_k10.pdf,Outside the directly cited lightweight results snapshot
reports/four_model_us_neighbors_REPORT_CN.md,CSV,scUS/outputs/paper/four_model_us_neighbors/figures/04_distance_agreement_k10_data.csv,Outside the directly cited lightweight results snapshot
reports/four_model_us_neighbors_REPORT_CN.md,04b_correlations_k10,scUS/outputs/paper/four_model_us_neighbors/figures/04b_correlations_k10.png,Outside the directly cited lightweight results snapshot
reports/four_model_us_neighbors_REPORT_CN.md,PDF,scUS/outputs/paper/four_model_us_neighbors/figures/04b_correlations_k10.pdf,Outside the directly cited lightweight results snapshot
reports/four_model_us_neighbors_REPORT_CN.md,CSV,scUS/outputs/paper/four_model_us_neighbors/figures/04b_correlations_k10_data.csv,Outside the directly cited lightweight results snapshot
reports/four_model_us_neighbors_REPORT_CN.md,01_agreement_k30,scUS/outputs/paper/four_model_us_neighbors/figures/01_agreement_k30.png,Outside the directly cited lightweight results snapshot
reports/four_model_us_neighbors_REPORT_CN.md,PDF,scUS/outputs/paper/four_model_us_neighbors/figures/01_agreement_k30.pdf,Outside the directly cited lightweight results snapshot
reports/four_model_us_neighbors_REPORT_CN.md,CSV,scUS/outputs/paper/four_model_us_neighbors/figures/01_agreement_k30_data.csv,Outside the directly cited lightweight results snapshot
reports/four_model_us_neighbors_REPORT_CN.md,01b_strata_k30,scUS/outputs/paper/four_model_us_neighbors/figures/01b_strata_k30.png,Outside the directly cited lightweight results snapshot
reports/four_model_us_neighbors_REPORT_CN.md,PDF,scUS/outputs/paper/four_model_us_neighbors/figures/01b_strata_k30.pdf,Outside the directly cited lightweight results snapshot
reports/four_model_us_neighbors_REPORT_CN.md,CSV,scUS/outputs/paper/four_model_us_neighbors/figures/01b_strata_k30_data.csv,Outside the directly cited lightweight results snapshot
reports/four_model_us_neighbors_REPORT_CN.md,02_quality_k30,scUS/outputs/paper/four_model_us_neighbors/figures/02_quality_k30.png,Outside the directly cited lightweight results snapshot
reports/four_model_us_neighbors_REPORT_CN.md,PDF,scUS/outputs/paper/four_model_us_neighbors/figures/02_quality_k30.pdf,Outside the directly cited lightweight results snapshot
reports/four_model_us_neighbors_REPORT_CN.md,CSV,scUS/outputs/paper/four_model_us_neighbors/figures/02_quality_k30_data.csv,Outside the directly cited lightweight results snapshot
reports/four_model_us_neighbors_REPORT_CN.md,02b_composition_k30,scUS/outputs/paper/four_model_us_neighbors/figures/02b_composition_k30.png,Outside the directly cited lightweight results snapshot
reports/four_model_us_neighbors_REPORT_CN.md,PDF,scUS/outputs/paper/four_model_us_neighbors/figures/02b_composition_k30.pdf,Outside the directly cited lightweight results snapshot
reports/four_model_us_neighbors_REPORT_CN.md,CSV,scUS/outputs/paper/four_model_us_neighbors/figures/02b_composition_k30_data.csv,Outside the directly cited lightweight results snapshot
reports/four_model_us_neighbors_REPORT_CN.md,02c_metric_sensitivity_k30,scUS/outputs/paper/four_model_us_neighbors/figures/02c_metric_sensitivity_k30.png,Outside the directly cited lightweight results snapshot
reports/four_model_us_neighbors_REPORT_CN.md,PDF,scUS/outputs/paper/four_model_us_neighbors/figures/02c_metric_sensitivity_k30.pdf,Outside the directly cited lightweight results snapshot
reports/four_model_us_neighbors_REPORT_CN.md,CSV,scUS/outputs/paper/four_model_us_neighbors/figures/02c_metric_sensitivity_k30_data.csv,Outside the directly cited lightweight results snapshot
reports/four_model_us_neighbors_REPORT_CN.md,03_overlap_umaps_k30,scUS/outputs/paper/four_model_us_neighbors/figures/03_overlap_umaps_k30.png,Outside the directly cited lightweight results snapshot
reports/four_model_us_neighbors_REPORT_CN.md,PDF,scUS/outputs/paper/four_model_us_neighbors/figures/03_overlap_umaps_k30.pdf,Outside the directly cited lightweight results snapshot
reports/four_model_us_neighbors_REPORT_CN.md,CSV,scUS/outputs/paper/four_model_us_neighbors/figures/03_overlap_umaps_k30_data.csv,Outside the directly cited lightweight results snapshot
reports/four_model_us_neighbors_REPORT_CN.md,04_distance_agreement_k30,scUS/outputs/paper/four_model_us_neighbors/figures/04_distance_agreement_k30.png,Outside the directly cited lightweight results snapshot
reports/four_model_us_neighbors_REPORT_CN.md,PDF,scUS/outputs/paper/four_model_us_neighbors/figures/04_distance_agreement_k30.pdf,Outside the directly cited lightweight results snapshot
reports/four_model_us_neighbors_REPORT_CN.md,CSV,scUS/outputs/paper/four_model_us_neighbors/figures/04_distance_agreement_k30_data.csv,Outside the directly cited lightweight results snapshot
reports/four_model_us_neighbors_REPORT_CN.md,04b_correlations_k30,scUS/outputs/paper/four_model_us_neighbors/figures/04b_correlations_k30.png,Outside the directly cited lightweight results snapshot
reports/four_model_us_neighbors_REPORT_CN.md,PDF,scUS/outputs/paper/four_model_us_neighbors/figures/04b_correlations_k30.pdf,Outside the directly cited lightweight results snapshot
reports/four_model_us_neighbors_REPORT_CN.md,CSV,scUS/outputs/paper/four_model_us_neighbors/figures/04b_correlations_k30_data.csv,Outside the directly cited lightweight results snapshot
reports/four_model_us_neighbors_REPORT_CN.md,01_agreement_k50,scUS/outputs/paper/four_model_us_neighbors/figures/01_agreement_k50.png,Outside the directly cited lightweight results snapshot
reports/four_model_us_neighbors_REPORT_CN.md,PDF,scUS/outputs/paper/four_model_us_neighbors/figures/01_agreement_k50.pdf,Outside the directly cited lightweight results snapshot
reports/four_model_us_neighbors_REPORT_CN.md,CSV,scUS/outputs/paper/four_model_us_neighbors/figures/01_agreement_k50_data.csv,Outside the directly cited lightweight results snapshot
reports/four_model_us_neighbors_REPORT_CN.md,01b_strata_k50,scUS/outputs/paper/four_model_us_neighbors/figures/01b_strata_k50.png,Outside the directly cited lightweight results snapshot
reports/four_model_us_neighbors_REPORT_CN.md,PDF,scUS/outputs/paper/four_model_us_neighbors/figures/01b_strata_k50.pdf,Outside the directly cited lightweight results snapshot
reports/four_model_us_neighbors_REPORT_CN.md,CSV,scUS/outputs/paper/four_model_us_neighbors/figures/01b_strata_k50_data.csv,Outside the directly cited lightweight results snapshot
reports/four_model_us_neighbors_REPORT_CN.md,02_quality_k50,scUS/outputs/paper/four_model_us_neighbors/figures/02_quality_k50.png,Outside the directly cited lightweight results snapshot
reports/four_model_us_neighbors_REPORT_CN.md,PDF,scUS/outputs/paper/four_model_us_neighbors/figures/02_quality_k50.pdf,Outside the directly cited lightweight results snapshot
reports/four_model_us_neighbors_REPORT_CN.md,CSV,scUS/outputs/paper/four_model_us_neighbors/figures/02_quality_k50_data.csv,Outside the directly cited lightweight results snapshot
reports/four_model_us_neighbors_REPORT_CN.md,02b_composition_k50,scUS/outputs/paper/four_model_us_neighbors/figures/02b_composition_k50.png,Outside the directly cited lightweight results snapshot
reports/four_model_us_neighbors_REPORT_CN.md,PDF,scUS/outputs/paper/four_model_us_neighbors/figures/02b_composition_k50.pdf,Outside the directly cited lightweight results snapshot
reports/four_model_us_neighbors_REPORT_CN.md,CSV,scUS/outputs/paper/four_model_us_neighbors/figures/02b_composition_k50_data.csv,Outside the directly cited lightweight results snapshot
reports/four_model_us_neighbors_REPORT_CN.md,02c_metric_sensitivity_k50,scUS/outputs/paper/four_model_us_neighbors/figures/02c_metric_sensitivity_k50.png,Outside the directly cited lightweight results snapshot
reports/four_model_us_neighbors_REPORT_CN.md,PDF,scUS/outputs/paper/four_model_us_neighbors/figures/02c_metric_sensitivity_k50.pdf,Outside the directly cited lightweight results snapshot
reports/four_model_us_neighbors_REPORT_CN.md,CSV,scUS/outputs/paper/four_model_us_neighbors/figures/02c_metric_sensitivity_k50_data.csv,Outside the directly cited lightweight results snapshot
reports/four_model_us_neighbors_REPORT_CN.md,03_overlap_umaps_k50,scUS/outputs/paper/four_model_us_neighbors/figures/03_overlap_umaps_k50.png,Outside the directly cited lightweight results snapshot
reports/four_model_us_neighbors_REPORT_CN.md,PDF,scUS/outputs/paper/four_model_us_neighbors/figures/03_overlap_umaps_k50.pdf,Outside the directly cited lightweight results snapshot
reports/four_model_us_neighbors_REPORT_CN.md,CSV,scUS/outputs/paper/four_model_us_neighbors/figures/03_overlap_umaps_k50_data.csv,Outside the directly cited lightweight results snapshot
reports/four_model_us_neighbors_REPORT_CN.md,04_distance_agreement_k50,scUS/outputs/paper/four_model_us_neighbors/figures/04_distance_agreement_k50.png,Outside the directly cited lightweight results snapshot
reports/four_model_us_neighbors_REPORT_CN.md,PDF,scUS/outputs/paper/four_model_us_neighbors/figures/04_distance_agreement_k50.pdf,Outside the directly cited lightweight results snapshot
reports/four_model_us_neighbors_REPORT_CN.md,CSV,scUS/outputs/paper/four_model_us_neighbors/figures/04_distance_agreement_k50_data.csv,Outside the directly cited lightweight results snapshot
reports/four_model_us_neighbors_REPORT_CN.md,04b_correlations_k50,scUS/outputs/paper/four_model_us_neighbors/figures/04b_correlations_k50.png,Outside the directly cited lightweight results snapshot
reports/four_model_us_neighbors_REPORT_CN.md,PDF,scUS/outputs/paper/four_model_us_neighbors/figures/04b_correlations_k50.pdf,Outside the directly cited lightweight results snapshot
reports/four_model_us_neighbors_REPORT_CN.md,CSV,scUS/outputs/paper/four_model_us_neighbors/figures/04b_correlations_k50_data.csv,Outside the directly cited lightweight results snapshot
reports/four_model_us_neighbors_REPORT_CN.md,04c_reconstruction,scUS/outputs/paper/four_model_us_neighbors/figures/04c_reconstruction.png,Outside the directly cited lightweight results snapshot
reports/four_model_us_neighbors_REPORT_CN.md,PDF,scUS/outputs/paper/four_model_us_neighbors/figures/04c_reconstruction.pdf,Outside the directly cited lightweight results snapshot
reports/four_model_us_neighbors_REPORT_CN.md,CSV,scUS/outputs/paper/four_model_us_neighbors/figures/04c_reconstruction_data.csv,Outside the directly cited lightweight results snapshot
reports/us_distance_multilevel_finetune_REPORT_CN.md,绝对distance,scUS/outputs/paper/us_distance_multilevel_finetune/01_absolute_distance_by_level.png,Outside the directly cited lightweight results snapshot
reports/us_distance_multilevel_finetune_REPORT_CN.md,相对Zero-shot的配对变化,scUS/outputs/paper/us_distance_multilevel_finetune/02_change_from_zero_by_level.png,Outside the directly cited lightweight results snapshot
reports/us_distance_multilevel_finetune_REPORT_CN.md,几何保持指标,scUS/outputs/paper/us_distance_multilevel_finetune/03_multilevel_geometry_preservation.png,Outside the directly cited lightweight results snapshot
reports/us_distance_multilevel_finetune_REPORT_CN.md,gene-level散点,scUS/outputs/paper/us_distance_multilevel_finetune/04_gene_level_scatter.png,Outside the directly cited lightweight results snapshot
reports/us_distance_multilevel_finetune_REPORT_CN.md,cell×gene密度图,scUS/outputs/paper/us_distance_multilevel_finetune/05_cellgene_distance_density.png,Outside the directly cited lightweight results snapshot
reports/us_distance_multilevel_finetune_REPORT_CN.md,cell×gene热图,scUS/outputs/paper/us_distance_multilevel_finetune/06_cellgene_distance_heatmap.png,Outside the directly cited lightweight results snapshot
reports/us_distance_multilevel_finetune_REPORT_CN.md,Joint epoch轨迹,scUS/outputs/paper/us_distance_multilevel_finetune/07_joint_epoch_distance_trajectory.png,Outside the directly cited lightweight results snapshot
reports/us_distance_multilevel_finetune_REPORT_CN.md,不同cell type的cell-level变化,scUS/outputs/paper/us_distance_multilevel_finetune/08_cell_level_change_by_celltype.png,Outside the directly cited lightweight results snapshot
reports/us_distance_multilevel_finetune_REPORT_CN.md,scripts/plot_us_distance_multilevel_finetune.py,scUS/scripts/plot_us_distance_multilevel_finetune.py,Outside the directly cited lightweight results snapshot
reports/us_distance_multilevel_finetune_REPORT_CN.md,input_hashes.json,scUS/outputs/paper/us_distance_multilevel_finetune/input_hashes.json,Outside the directly cited lightweight results snapshot
reports/us_distance_multilevel_finetune_REPORT_CN.md,validation.json,scUS/outputs/paper/us_distance_multilevel_finetune/validation.json,Outside the directly cited lightweight results snapshot
reports/us_distance_multilevel_finetune_REPORT_CN.md,预训练epoch总览,scUS/outputs/paper/pretraining_epoch_distance_multilevel/00_pretraining_epoch_distance_overview.png,Outside the directly cited lightweight results snapshot
reports/us_distance_multilevel_finetune_REPORT_CN.md,绝对distance轨迹,scUS/outputs/paper/pretraining_epoch_distance_multilevel/01_pretraining_epoch_distance_trajectory.png,Outside the directly cited lightweight results snapshot
reports/us_distance_multilevel_finetune_REPORT_CN.md,完整中文报告,scUS/outputs/paper/pretraining_epoch_distance_multilevel/REPORT_CN.md,Outside the directly cited lightweight results snapshot
MODALITY_DIFFERENCES_AS_CELL_REPRESENTATIONS_CN.md,完整证据库与旧摘要,scUS_results/iclr2027_biology_design/RESULTS_LOGIC_AND_ABSTRACT_20260917_CN.md,Outside the directly cited lightweight results snapshot
MODALITY_DIFFERENCES_AS_CELL_REPRESENTATIONS_CN.md,最近结果速览,scUS_results/iclr2027_biology_design/RECENT_RESULTS_20260917_CN.md,Outside the directly cited lightweight results snapshot
MODALITY_DIFFERENCES_AS_CELL_REPRESENTATIONS_CN.md,结果溯源,scUS_results/iclr2027_biology_design/RESULT_PROVENANCE.md,Outside the directly cited lightweight results snapshot
