model,level,n,q10,q25,median,q75,q90,mean
zero_shot,cell,1720,0.842580372095108,0.8503934592008591,0.8566338419914246,0.8623442649841309,0.8673130333423614,0.8558410406112671
zero_shot,gene,10692,0.74225555062294,0.7977479100227356,0.8531874418258667,0.9055793732404709,0.954178124666214,0.8474423289299011
zero_shot,cell_gene,200000,0.46325520873069764,0.6847900152206421,0.8558003604412079,1.0013766884803772,1.1478764891624451,0.8270619511604309
adapter_only,cell,1720,0.0034742772579193113,0.003516778349876404,0.003573000431060791,0.0036605894565582275,0.0037581264972686773,0.0036014073994010687
adapter_only,gene,10692,0.0027784943580627442,0.0031066983938217163,0.00348682701587677,0.003949642181396484,0.0045872837305068965,0.0036121350713074207
adapter_only,cell_gene,200000,0.0015296161174774173,0.0024362802505493164,0.003596097230911255,0.0051187872886657715,0.007110720872879029,0.00405534915626049
joint_epoch29,cell,1720,0.22103659808635712,0.22653309255838394,0.23255091905593872,0.2380506843328476,0.24254734814167023,0.2322639524936676
joint_epoch29,gene,10692,0.14881772100925447,0.18163518607616425,0.228190079331398,0.2894461899995804,0.34365195930004117,0.24120207130908966
joint_epoch29,cell_gene,200000,0.07635062336921693,0.12633240222930908,0.23258623480796814,0.4588645249605179,0.6590766608715057,0.31082624197006226
reconstruction_epoch29,cell,1720,0.8659505724906922,0.8689193874597549,0.8720426261425018,0.8756459653377533,0.8799124002456665,0.8726092576980591
reconstruction_epoch29,gene,10692,0.751038545370102,0.8184878081083298,0.8723462224006653,0.9235570281744003,0.9822671294212341,0.8679189085960388
reconstruction_epoch29,cell_gene,200000,0.5278408944606781,0.7220256477594376,0.8728497326374054,1.0063081681728363,1.1390358686447144,0.8453626036643982
