gene_name,context_effect,random_mean_context_effect,pretraining_increment,eligible_epoch11_contrasts
FOXG1,0.9556751576099125,1.031336290441116,-0.07566113283120357,28
EMX1,0.8247406342819833,0.7707037439033056,0.05403689037867765,13
EMX2,0.23146151541892745,,,1
LHX2,1.365863070314038,0.875569083408108,0.49029398690592996,6
PAX6,0.3069530117687492,0.8955366908924488,-0.5885836791236996,3
SOX2,,,,0
HES1,,,,0
NOTCH1,,,,0
NES,,,,0
VIM,,,,0
HOPX,,,,0
EOMES,,,,0
ASCL1,,,,0
NEUROD1,,,,0
NEUROD2,,,,0
DCX,0.4857007146305661,0.787657308007995,-0.301956593377429,8
TBR1,,,,0
BCL11B,0.6568293762466718,0.7843286344887469,-0.1274992582420751,3
SATB2,1.1825681518716709,0.8699968114676812,0.3125713404039897,1
FEZF2,0.6789694225904596,0.4959478994217361,0.18302152316872344,1
ACSBG1,,,,0
ACSL1,,,,0
ACTL6B,0.5992196954163735,0.6735847408946012,-0.07436504547822764,4
ACTR10,0.5277706758804018,0.6804985461491789,-0.1527278702687771,5
AFAP1,0.22711271493270987,0.4296654769456658,-0.20255276201295594,6
AHDC1,1.0264109869877716,0.32222699513872854,0.704183991849043,2
AHI1,2.248768550567231,2.3741847477658533,-0.1254161971986223,1
AHSA1,1.9295914682451476,1.301636609798587,0.6279548584465606,13
AK1,0.8241128783460433,0.6345163976830506,0.18959648066299273,2
AKIRIN2,0.7254682918433902,0.9339816023278774,-0.20851331048448718,13
AKR1B1,,,,0
AKR1C1,,,,0
ALDH6A1,,,,0
ALDH9A1,,,,0
AMOT,,,,0
AMOTL2,,,,0
ANAPC5,1.753795001474653,1.033705899544888,0.720089101929765,16
AP1S2,0.5890585360593905,0.23090456181479346,0.35815397424459705,4
APOM,,,,0
ARF1,1.3366010071562282,1.170389698002255,0.1662113091539732,23
ARFIP2,,,,0
ARHGAP11A,,,,0
ARID5B,,,,0
ARL6IP5,0.6163807871309288,1.613205505994954,-0.9968247188640251,4
ARMCX2,,,,0
ARRB2,,,,0
ARRDC3,1.1493089334007291,1.336075186215548,-0.18676625281481884,10
ARX,0.5218771904256087,0.8329273437501278,-0.31105015332451913,1
ASRGL1,0.73687581525088,0.6564910139122176,0.08038480133866233,9
ASXL3,0.18595081567864674,0.7199201509494996,-0.5339693352708528,5
ATCAY,0.9597904207378407,0.6053929409462186,0.35439747979162206,10
ATP1A3,0.40950286744273,0.46897707028783636,-0.05947420284510635,1
ATP8A2,1.0275446880072103,0.7409558531467475,0.2865888348604628,3
AURKAIP1,1.120784131091974,0.9974630212675122,0.12332110982446176,1
AXL,,,,0
AZIN1,0.4519290978824807,0.6734375748934441,-0.22150847701096343,10
B3GALNT1,,,,0
BAD,,,,0
BAG2,,,,0
BAMBI,,,,0
BANF1,1.6793511102407486,1.175366189260169,0.5039849209805796,1
BARD1,,,,0
BCAS2,0.6889955196658539,0.6510774052741676,0.03791811439168635,9
BCL2L11,,,,0
BEND4,,,,0
BEND5,,,,0
BEND6,,,,0
BEX1,0.620268127892595,1.1796845320015181,-0.5594164041089231,23
BMP7,,,,0
BOC,,,,0
BOD1,0.8690627648924447,0.7216392292026658,0.14742353568977895,1
BOLA3,,,,0
BRCA1,,,,0
BRI3BP,,,,0
BRSK2,1.4904985644644988,0.6897790916895156,0.8007194727749832,1
BTBD17,,,,0
BTG1,,,,0
BTG2,,,,0
BTG3,0.877931512394204,0.8089418405636496,0.06898967183055438,4
BZW2,0.21537030005395552,0.6251427153380572,-0.4097724152841017,8
C12orf10,,,,0
C12orf4,,,,0
C14orf119,,1.0260786612475743,,1
C19orf48,,,,0
C20orf27,,,,0
C2orf72,,,,0
C4orf48,0.8156592236325515,0.7208551118991552,0.09480411173339631,11
C5orf15,2.137491937233144,1.453348911232527,0.6841430260006167,2
C5orf24,,,,0
C9orf24,,,,0
CA10,,,,0
CA12,,,,0
CACNG8,,,,0
CALM2,,,,0
CAMK2N1,,,,0
CAMLG,0.9154342401161639,0.8986389207784488,0.016795319337715164,29
CAMSAP3,,,,0
CAPG,,,,0
CAPN1,,,,0
CASKIN2,,,,0
CASP3,0.9949869243972717,0.2216697444010607,0.773317179996211,1
CASP7,,,,0
CBX2,,,,0
CBY1,2.0019415931426043,2.5955846439522983,-0.5936430508096939,1
CCDC112,0.4730837278309549,0.7447500788057022,-0.2716663509747473,10
CCDC115,,,,0
CCDC152,0.6069565455323177,0.17759396918436454,0.42936257634795316,1
CCDC181,,,,0
CCDC28B,0.6736430442813669,0.9105753724228811,-0.23693232814151421,6
CCDC71,,,,0
CCDC88C,0.24080583832178443,0.1986098221840041,0.04219601613778032,3
CD200,0.4334668616348795,0.7735636071123481,-0.34009674547746854,3
CD99,,,,0
CDC45,,,,0
CDCA7,,,,0
CDH7,,,,0
CDH8,,,,0
CEBPZ,1.4899375035210203,1.7479803203953488,-0.2580428168743285,1
CELF4,0.3777680180230738,0.5715533000904214,-0.19378528206734758,6
CELF5,0.11657686625193402,0.6601087323149979,-0.5435318660630639,7
CENPH,,,,0
CENPN,,,,0
CENPO,,,,0
CERS4,0.36143369982655743,0.11614970207710654,0.2452839977494509,2
CETN2,0.5307196899023845,0.6471800807745725,-0.11646039087218796,1
CETN3,2.451658816317922,1.106946764132455,1.3447120521854667,1
CHAF1A,,,,0
CHCHD2,0.7689894172341395,1.1883792607851473,-0.41938984355100783,28
CHCHD6,1.326201004769644,0.860738179018655,0.46546282575098896,9
CHD3,0.4157255126403083,0.7111303884166121,-0.2954048757763038,7
CHD4,0.703066073020872,0.7493662768499393,-0.0463002038290673,12
CHL1,0.3735384979801059,0.7575106365466718,-0.3839721385665659,1
CHN2,0.5253258860139076,0.37071945030417525,0.15460643570973237,2
CHORDC1,0.3880405272527574,0.8931919016779037,-0.5051513744251463,8
CHST8,,,,0
CKAP4,,,,0
CKMT1B,,,,0
CKS1B,,,,0
CKS2,0.8334885540957601,0.30512713131146524,0.5283614227842948,1
CLCN4,,,,0
CLIP3,0.7410796071677207,0.34651503474424655,0.39456457242347415,8
CLPP,,,,0
CLSPN,,,,0
CLSTN2,,,,0
CLTB,0.7897606157889665,0.5633366992138077,0.2264239165751588,1
CNN3,0.12401200497567566,0.19911881033854115,-0.07510680536286549,2
CNP,,,,0
CNR1,1.2924132666784176,0.4069399080634879,0.8854733586149297,2
CNTFR,0.7440751511479627,0.9298884712615817,-0.18581332011361895,6
CNTLN,0.4237524954506708,0.6765806022373592,-0.2528281067866884,1
CNTNAP2,2.0233761431337425,0.9881051624114615,1.0352709807222809,3
COL11A1,,,,0
COL9A1,,,,0
COMMD6,1.0270752510667536,1.1597254485677366,-0.13265019750098306,23
COTL1,0.39293975376769585,0.5342663207309759,-0.14132656696328005,3
COX6C,1.4623367767343745,1.2569571796351935,0.20537959709918097,27
COX7A2,0.6097690801061876,0.8770380346243116,-0.26726895451812405,28
COX8A,,,,0
CPE,0.719114558698229,0.5603629533979851,0.1587516053002439,4
CPLX1,,,,0
CRB2,,,,0
CREB3,0.10520274198250838,1.1306779305335557,-1.0254751885510474,1
CRK,1.0667252222503998,0.6747407226594788,0.39198449959092097,9
CSNK2B,,,,0
CSRNP1,,,,0
CSRNP3,0.6950491424494369,0.523051391592342,0.1719977508570949,5
CTNNBL1,1.0826675857382526,0.5502124606228341,0.5324551251154185,13
CTTNBP2,0.2487631571922982,0.8879679872356543,-0.6392048300433562,7
CUX2,0.5810214489268707,0.2598164661753745,0.32120498275149617,3
CYC1,,,,0
DACH1,2.0704935148092525,0.9199558965746228,1.1505376182346296,1
DAZAP1,,,,0
DBNDD1,,,,0
DCAF13,,,,0
DCPS,,,,0
DCTPP1,,,,0
DCUN1D5,0.8770156256641113,0.65749304114529,0.21952258451882134,13
DDAH1,,,,0
DDB2,,,,0
DDT,2.20985196903822,1.81813983346287,0.3917121355753499,1
DDX49,0.14875859551125892,0.9712243848081014,-0.8224657892968424,2
DECR1,1.0942342855642107,0.9042105474165202,0.19002373814769047,1
DGCR6L,,,,0
DHODH,,,,0
DHRS3,,,,0
DKKL1,,,,0
DLK2,,,,0
DLL3,0.3210971531020106,0.6630685573776207,-0.3419714042756101,4
DLX6-AS1,,,,0
DNAJB1,,,,0
DNAJB2,,,,0
DNER,0.7700760534123143,0.7258225242080761,0.044253529204238196,8
DOK1,,,,0
DOK5,3.0621696341647966,0.7273174670525538,2.334852167112243,1
DPF1,0.015686437359246123,,,1
DPY19L1,,0.03775892784064716,,1
DPY19L4,,,,0
DPYSL4,,0.25590799621344623,,1
DSN1,,,,0
DUSP1,,,,0
DUSP10,,,,0
DUSP26,,,,0
DUT,,,,0
DYNC1I2,0.23027130639381654,0.7244548748275791,-0.49418356843376254,5
DYNC1LI1,1.6137341323203762,0.7926192438257487,0.8211148884946275,13
DYNLL2,,,,0
DYNLRB1,1.2608029539301635,0.8191117114575631,0.4416912424726004,18
ECH1,,,,0
ECSIT,0.6600259826982845,0.4148696204946482,0.2451563622036363,2
EDIL3,0.6571289692611736,0.4565820317955635,0.2005469374656101,3
EFNA5,,,,0
EFNB1,1.3742057614243237,0.5297614532273406,0.8444443081969831,1
EFNB3,,,,0
EGLN3,,,,0
EIF1AD,,,,0
EIF1AY,2.594620995530182,0.5485601243502142,2.046060871179968,1
EIF2S2,1.289014743677624,0.9727866802374315,0.3162280634401925,12
EIF3K,1.072257326390943,1.2285359820934847,-0.15627865570254174,24
EIF4A1,1.127318764673925,1.1160890809806208,0.011229683693304127,29
ELAVL2,0.9351123264396293,0.34641534836849247,0.5886969780711369,2
ELAVL3,1.3798558829539718,0.7311830231615164,0.6486728597924554,7
ELAVL4,0.3619567116397193,0.3474640508129503,0.014492660826769033,3
ELFN2,,,,0
ELK4,,,,0
ELOVL4,0.7106771303921144,0.5727311344114967,0.13794599598061774,5
ENC1,2.873057127989592,0.7656968880565133,2.1073602399330786,10
ENO2,1.1297363356767471,1.2411443022041282,-0.11140796652738105,1
ENOPH1,1.5553913591404869,0.8087182909336329,0.746673068206854,13
EPB41L4A-AS1,1.5036420175844465,0.7207516237465931,0.7828903938378534,1
EPHX2,,,,0
ERI3,1.3928965455437032,1.0709549456463303,0.3219415998973729,15
ESCO2,,,,0
ETFB,0.5874985702335058,0.5163678706460851,0.07113069958742069,1
ETV1,,,,0
ETV4,,,,0
EXO5,,,,0
EXTL2,,,,0
F3,,,,0
FABP7,0.7867911654129441,0.45751232784253454,0.3292788375704096,3
FAM107A,,,,0
FAM114A1,,,,0
FAM149A,,,,0
FAM171A2,,,,0
FAM204A,0.898801585477879,1.3752430243083615,-0.4764414388304825,14
FAM217B,,,,0
FAM229B,0.6739430532412617,1.4433336946220425,-0.7693906413807808,1
FAM98C,,,,0
FANCD2,,,,0
FANCL,3.7556400101778347,2.0062970346640285,1.7493429755138061,4
FAT1,,,,0
FBXL15,,,,0
FBXL16,,,,0
FGF12,,,,0
FGGY,,,,0
FHDC1,,,,0
FKBP10,,,,0
FNDC4,0.25148791458367104,1.1596963302603995,-0.9082084156767285,1
FOS,0.1803479855059897,0.5445050771672749,-0.3641570916612852,5
FOSB,,,,0
FRRS1L,,,,0
FTH1,0.8668285959359142,1.2251351009049365,-0.3583065049690223,21
FXYD7,,,,0
FZD3,2.2991867582715306,0.7325731065737947,1.566613651697736,13
GABARAPL2,1.4055917039270611,1.3624405490847418,0.04315115484231935,2
GABRB3,1.2691103248948907,0.4133152834890866,0.8557950414058042,4
GAD2,,,,0
GADD45G,,,,0
GARNL3,,,,0
GAS7,,,,0
GEM,,,,0
GFOD1,1.0840509893691932,0.7624158263563986,0.3216351630127946,3
GGNBP2,1.26676946946387,1.1785856230982512,0.08818384636561882,13
GIN1,,,,0
GLO1,,,,0
GLRX5,,,,0
GLUL,,,,0
GMEB1,,,,0
GMNN,,,,0
GNG5,0.5702915944448488,0.7721486844349696,-0.20185708999012086,1
GNL2,,0.5267526220835194,,1
GNPAT,1.249582001604284,1.142942039669494,0.10663996193478997,13
GOLPH3L,,,,0
GPC1,,,,0
GPD1L,,,,0
GREM2,,,,0
GRIA2,0.2452397681923838,0.552188919463312,-0.30694915127092814,4
GRIA3,1.5135021069675325,0.4170888591828623,1.0964132477846702,2
GRM3,4.123428708447691,1.5608895083845544,2.562539200063137,2
GRPEL2,,,,0
GRSF1,1.2879642694211864,0.972638934794738,0.3153253346264484,17
GSTM3,,,,0
GSTO2,,,,0
GSTZ1,,,,0
GTF2H5,1.435267966025428,0.8698173938123597,0.5654505722130683,1
GUCY1A2,,,,1
H2AFV,,,,0
H2AFY,0.6424114728638004,0.9913727491637466,-0.3489612762999462,26
HADHA,0.4777040982419193,0.8956605376742109,-0.41795643943229166,6
HBG2,,,,0
HCRTR2,,,,0
HDAC5,1.095682876771854,0.7060829696724825,0.38959990709937153,10
HDGF,,,,0
HEBP1,,,,0
HEBP2,,,,0
HECTD3,,,,0
HELB,,,,0
HELLS,0.35296314276121105,0.9845443891969038,-0.6315812464356927,1
HERPUD1,0.9974369025411517,0.830284657617775,0.16715224492337666,10
HEXIM2,,,,0
HEY1,,,,0
HEY2,,,,0
HIST1H2BJ,,,,0
HLA-A,,,,0
HLA-E,,,,0
HMGB2,2.147077407728939,1.6118707361067364,0.5352066716222026,1
HMGCLL1,,,,0
HNRNPH1,0.35795220287332963,1.013536015372629,-0.6555838124992993,23
HPCAL1,0.9037359195323376,0.3796719264816872,0.5240639930506503,3
HS3ST1,,,,0
HSP90B1,0.5298336858586118,0.832719816167471,-0.30288613030885925,3
HSPA5,,,,0
HSPB1,,,,0
HSPD1,0.9009489798207833,0.8822351564938075,0.018713823326975798,13
HSPE1,1.1726460776728163,0.7462182585135436,0.42642781915927264,15
HTR2A,,,,0
ICMT,,,,0
ID4,1.7595561447331511,0.6582597608997617,1.1012963838333896,4
IER2,0.005381235365459317,1.7403403537343836,-1.7349591183689241,1
IFI27L2,,,,0
IFT52,1.9532559227431459,1.061618229339996,0.8916376934031498,12
IGBP1,1.1031979431027787,0.9180795795223786,0.18511836358040012,13
IGDCC3,0.9309551995603638,0.3968369166118855,0.5341182829484783,3
IGFBP5,,,,0
IGSF21,,,,0
IGSF8,0.6947006380578111,0.6682069801007596,0.026493657957051497,1
ING2,0.5044304741095899,0.6809900719389583,-0.17655959782936848,1
ING4,1.0115087141288626,1.2682925137339052,-0.2567837996050426,16
INHBB,1.4170216774254616,0.823152002282103,0.5938696751433586,1
INO80E,,,,0
INSIG1,0.7729635283375585,1.2571457023023,-0.4841821739647415,9
IRF1,,,,0
IRF2,,,,0
ISYNA1,,,,0
ITGA2,,,,0
JAM2,,,,0
JAM3,1.04399380733518,0.29190070803276685,0.7520930993024131,2
JPH4,,,,0
JUND,0.9741244788528292,0.23052675211218662,0.7435977267406425,4
KCNIP2,,,,0
KCNJ6,,,,0
KCTD15,,,,0
KCTD6,,,,0
KIAA0513,,,,0
KIAA1324,,,,0
KIAA1522,,,,0
KIF1A,0.34575795883584454,0.8644102354393421,-0.5186522766034976,7
KIF3A,0.8450908353792859,0.6333108164287106,0.2117800189505753,6
KIF3C,0.5194897887282827,0.7976943388641944,-0.2782045501359117,7
KIF5A,0.5938785502323447,0.6333970857635128,-0.03951853553116813,8
KLF10,,,,0
KLF5,,,,0
KLHL35,,,,0
KLHL36,,,,0
KPNA2,1.23121975120717,0.40368666045190765,0.8275330907552625,7
KRAS,0.8906617285916586,1.1424780184524872,-0.2518162898608286,12
KRT10,,,,0
KRTCAP2,,,,0
KXD1,,,,0
L1CAM,0.09833801095504095,0.6886968593011787,-0.5903588483461378,1
LCMT1,1.256623302209452,0.5866789496273535,0.6699443525820985,8
LDB2,,,,0
LDOC1,,,,0
LHX9,,,,0
LIFR,,,,0
LIG1,,,,0
LIG4,,,,0
LIN7A,0.4284526377992992,0.656423347115266,-0.22797070931596675,4
LINC00342,,,,0
LMNB1,1.698937226762912,0.6990701917281639,0.999867035034748,9
LMO4,2.4519491616158895,1.0899337913349838,1.3620153702809057,2
LPAR2,,,,0
LRFN3,,,,0
LRIG1,,,,0
LRRC20,1.5282407734103018,1.4821056055375066,0.04613516787279526,1
LRRCC1,,,,0
LSM11,,,,0
MAD2L1BP,,,,0
MAL2,,,,0
MANEAL,,,,0
MAP1A,,,,0
MAPK8IP1,,,,0
MAPT,0.6428985957440091,0.9230805868269344,-0.2801819910829253,5
MARC1,,,,0
MARCH4,,,,0
MASTL,,,,0
MCM10,,,,0
MCM7,0.7485874933241773,0.41901665639827185,0.32957083692590544,2
MDK,,,,0
MED30,3.369494015686196,1.5306188044035418,1.838875211282654,1
MEGF9,0.4333610932385844,0.5365805451150701,-0.10321945187648573,9
MELK,,,,0
MEST,0.2616294209227675,0.773597263075751,-0.5119678421529836,1
MIF,,,,0
MLC1,,,,0
MLF1,,,,0
MOCS2,,,,0
MOGS,,,,0
MOSPD3,0.6900980841270833,0.6307854774106698,0.059312606716413474,2
MRFAP1L1,,,,0
MRPL11,,,,0
MRPL15,,,,0
MRPL18,3.176010458886254,0.9765243543216262,2.199486104564628,5
MRPL41,,0.9587277999820554,,1
MRPS11,,,,0
MRPS12,,,,0
MSL3,1.0092464222970634,0.05461997953952755,0.9546264427575358,1
MSN,,,,0
MSRA,0.4670415595863714,0.29413314622195635,0.17290841336441504,2
MTA1,,,,0
MTFR1L,,,,0
MTHFD2,,,,0
MVD,0.8051610908416966,1.1285879015186826,-0.323426810676986,13
MXI1,0.2584084831502453,0.41681033961448777,-0.15840185646424249,5
MYADM,,,,0
MYC,,,,0
MYL12A,,,,0
MYT1L,0.33625819853969846,0.6335798824646905,-0.2973216839249921,5
NAA38,0.19727551790465123,0.7431984745421263,-0.545922956637475,1
NAB2,,,,0
NANS,,,,0
NAV1,0.11130476802289632,0.6873334222415762,-0.5760286542186799,6
NBPF10,,,,0
NCALD,,,,0
NCAPG,,,,0
NDRG1,,,,0
NDUFAF3,,,,0
NDUFB3,0.06375136781294749,1.8522850176815624,-1.7885336498686148,1
NDUFB6,0.38579619607019044,0.7114000791603657,-0.3256038830901753,15
NDUFS2,1.0369553439145314,0.7397139146798545,0.2972414292346769,14
NDUFS3,1.0397583047836185,0.5753229761691724,0.46443532861444614,5
NDUFS5,0.8230847480074991,1.0705836164363947,-0.24749886842889557,25
NDUFS8,0.42025697342259544,0.4810964659773903,-0.06083949255479487,1
NEDD1,,,,0
NEDD9,,,,0
NEFM,0.10932168091242057,0.44336570666225567,-0.3340440257498351,2
NEK6,,,,0
NELL2,0.1539681893074671,0.9963705883727201,-0.8424023990652529,3
NEMF,0.6636580823957744,0.9230340157301634,-0.259375933334389,15
NENF,1.3079247055184176,2.585313598073204,-1.2773888925547865,1
NEUROD6,0.6657390152927376,0.5746545043184124,0.09108451097432524,5
NFIX,0.8121353737397291,0.3414538555767424,0.4706815181629867,3
NFKBIA,,,,0
NGEF,,,,0
NHLH2,,,,0
NIT2,,,,0
NKAIN1,0.6218739047636617,0.5163486782242165,0.10552522653944518,7
NLE1,,,,0
NMNAT2,0.6863582628965701,0.6734110710807416,0.012947191815828485,3
NOB1,,,,0
NOC2L,,,,0
NONO,0.8595529526441033,1.2942624615545772,-0.434709508910474,28
NPR3,,,,0
NPRL2,0.2915253071824955,0.8153942898136092,-0.5238689826311137,1
NPY,,,,0
NR1D1,,,,0
NRXN2,0.7832880465324984,0.6391417287025564,0.14414631782994203,2
NSG1,0.6930379180742936,0.7673755005561936,-0.07433758248190003,6
NTMT1,,,,0
NUAK1,0.30676836057076246,0.5556691459205735,-0.24890078534981103,3
NUDCD2,0.8025789109029258,0.8460848225889919,-0.0435059116860661,2
NUDT11,,,,0
NUSAP1,,,,0
NXF1,0.39470251535099016,0.8184541326826381,-0.42375161733164796,1
NXT1,0.40758987351372283,1.6003224315927638,-1.1927325580790409,1
OGFR,,,,0
OLFM1,0.9137680132132603,0.4448165467006418,0.4689514665126185,3
OLFM2,0.16591241543794005,0.3266358088257201,-0.16072339338778002,5
OS9,0.8640028842139749,0.48976573774735166,0.3742371464666232,8
OSTC,0.5900378147720342,0.9229186272332862,-0.332880812461252,1
OSTF1,,,,0
OXA1L,,,,0
PABPN1,,,,0
PAF1,2.1374640439131114,1.06080757504409,1.0766564688690214,2
PAPPA2,,,,0
PBDC1,,,,0
PCGF1,,,,0
PCLO,0.40593558371017013,0.5585832914217073,-0.15264770771153713,2
PCNA,,,,0
PCSK1N,,0.6064800107878205,,1
PCSK2,0.27118601767226663,0.16951782761071324,0.10166819006155339,1
PDCD7,2.390163657974374,2.045990139445236,0.3441735185291379,2
PDE2A,,,,0
PDIA4,1.0849774579646037,0.9252804725616931,0.15969698540291055,1
PDLIM1,,,,0
PDLIM5,,,,0
PDP1,1.0693892232244935,0.8975244591651453,0.17186476405934814,1
PDPN,,,,0
PDZD11,,,,0
PEBP1,0.6881812276906003,0.4725015399748226,0.21567968771577772,1
PFDN2,0.8330798437701402,0.9468742458317436,-0.1137944020616034,28
PFDN5,0.6794407170618659,1.19881945675043,-0.5193787396885641,28
PFKM,0.4082321689613104,0.9619077652982219,-0.5536755963369114,2
PGM1,,,,0
PGM2L1,0.2549727314281069,0.385906918015329,-0.1309341865872221,4
PHACTR3,0.31678673737414365,0.4307002019947876,-0.11391346462064394,5
PHGDH,,,,0
PICK1,,,,0
PLAGL1,,,,0
PLEKHF2,,,,0
PLEKHG4B,,,,0
PLK2,1.9460452016501357,0.584207841246308,1.3618373604038276,3
PLOD2,,,,0
PLXNA4,0.5582771645764061,0.25972707159275193,0.29855009298365415,2
PMM1,,,,0
PNPLA8,0.6518350163966106,0.4679746235146121,0.18386039288199846,5
PNRC1,1.2482998741095475,1.2032556765720157,0.04504419753753175,2
PODXL2,0.5590059838804042,1.0881068795959654,-0.5291008957155612,11
POLB,0.23946243701602946,0.6529705887463505,-0.41350815173032107,4
POLE,,,,0
POLR1D,3.5332900277829413,0.8907900826212298,2.6424999451617115,1
POLR2G,,,,0
POMP,1.2824290092423825,1.1807517774322893,0.10167723181009314,27
PON2,,,,0
POU2F2,0.26367961359666514,0.3877835264256226,-0.12410391282895744,2
PPDPF,,,,0
PPIL1,0.13978983463291808,0.6121323023818165,-0.47234246774889843,1
PPP1CA,,,,0
PPP1R17,0.7706764041090303,0.2928091399647725,0.4778672641442578,1
PPP1R18,,,,0
PPP1R1B,0.4374384961952234,0.5171332805832717,-0.07969478438804828,3
PPP2R1A,0.7930204586432591,0.904864191030213,-0.11184373238695389,24
PPP2R3C,0.9528843915196773,1.230646696897862,-0.2777623053781847,14
PRC1,,,,0
PRDM16,,,,0
PRDX6,,0.5375660466183474,,1
PREX1,0.5369659600714833,0.14273939366192748,0.3942265664095559,3
PRKCZ,1.4001373844627132,0.17536543851974704,1.2247719459429662,1
PRKX,0.1477587684268574,0.3004370845846224,-0.15267831615776503,4
PRNP,,,,0
PRR14,,,,0
PRRT2,,,,0
PSD,,,,0
PSD2,,,,0
PSMA4,0.5413088063380237,1.0218626798423969,-0.4805538735043732,27
PSMB2,0.4936779760520118,1.193131625612653,-0.6994536495606412,21
PSMD8,0.6894327985614122,1.1028135793291627,-0.41338078076775053,23
PTBP1,,,,0
PTGES2,0.37946600561265603,0.2879653381877681,0.09150066742488794,1
PTN,1.3319010606845363,0.8352270390062357,0.49667402167830055,8
PTPRN2,0.4924568332938464,0.3322231244833455,0.16023370881050086,4
PTTG1,,,,0
PUF60,,,,0
PYURF,0.10669309232013027,2.5779354410899464,-2.4712423487698163,1
RAB13,,,,0
RAB33A,,0.7053839275619375,,1
RAD21,0.9417363380116732,0.7506715877000278,0.19106475031164538,10
RAD51AP1,,,,0
RADIL,,,,0
RALB,,,,0
RALYL,,,,0
RAN,,,,0
RAP2C,,,,0
RAPGEF5,,,,0
RASL11B,,,,0
RBX1,1.2298540428737075,1.0167347655475683,0.21311927732613922,31
RDH14,,,,0
REEP1,0.4562055472103671,0.6689541020703643,-0.21274855485999722,8
REEP2,0.10218489913327734,0.5123548172474685,-0.4101699181141911,1
REL,,,,0
RFC1,,,,0
RFC5,,,,0
RGMA,,,,0
RGS16,2.3863009908128516,0.36402501267274556,2.0222759781401063,1
RGS17,1.4274776143925603,0.876921263480544,0.5505563509120163,3
RGS3,,,,0
RHEB,0.9187672642058994,0.863678044364815,0.05508921984108439,17
RHOU,,,,0
RIC8A,,,,0
RNASEH2A,,,,0
RNASEH2C,,,,0
RNF11,2.0344685743110227,0.9590580954836194,1.0754104788274033,14
RNF126,,0.0903838618093495,,1
RNF139,0.09980672068462779,0.03446246329619679,0.065344257388431,1
RPA3,,,,0
RPAIN,0.4696239891971913,0.8051455499455397,-0.3355215607483484,11
RPL12,0.527953478611868,1.087467640446193,-0.5595141618343249,23
RPL13A,1.0369919463127997,0.9690944755297926,0.06789747078300712,28
RPL14,1.4048242336579408,1.1412421452112993,0.26358208844664155,30
RPL27,0.9280654580862122,0.9515008778877067,-0.02343541980149444,31
RPL35A,0.6272568262706967,0.9346869687548646,-0.3074301424841679,30
RPL36,0.8167746049781178,1.0691712704625609,-0.25239666548444306,28
RPL37,0.7761629685351763,0.8463897295129227,-0.07022676097774638,28
RPL39L,,,,0
RPL4,0.49306652660644795,1.0140704269381933,-0.5210039003317453,21
RPLP1,1.2242607784539477,1.1157340077332722,0.1085267707206754,23
RPN2,1.3678440741288198,1.0083534314734661,0.3594906426553537,12
RPS14,0.6849772006348096,0.6897757922039696,-0.00479859156915996,25
RPS15A,0.9625434239477791,0.9419420783503757,0.020601345597403453,32
RPS16,1.0552769637008619,1.1357032849883801,-0.08042632128751825,31
RPS27A,1.2691092533899142,1.3952811781113474,-0.12617192472143324,31
RPS27L,0.4744794217084875,0.4557751882617829,0.018704233446704577,3
RPS5,1.7313057779704941,0.875892822955883,0.8554129550146111,31
RPS6KL1,,,,0
RPSA,0.8333772801124464,0.9549350528196703,-0.1215577727072239,26
RRAGC,,,,0
RRBP1,,,,0
RRM2,,,,0
RRP15,0.26564058841389776,,,1
RSPH9,,,,0
RTCB,1.2119903392604838,0.6036973669815517,0.6082929722789321,11
RUNX1T1,0.18288364673138374,1.2300626464643545,-1.0471789997329708,5
RUSC1,,,,0
RWDD1,0.6099596943337906,0.9145718097753419,-0.3046121154415513,22
S1PR1,,,,0
SALL1,,,,0
SAMD14,0.358417181219956,0.721981091335279,-0.36356391011532296,2
SARS,0.7285213231999781,0.6376546158593057,0.09086670734067237,9
SAT1,1.1956616221804621,0.7347861475730033,0.4608754746074588,2
SBNO1,0.6407418178451076,0.8712587400829835,-0.2305169222378759,9
SCAMP5,0.18579201734469117,0.48143705342828813,-0.29564503608359693,1
SCCPDH,0.25275183061167317,0.4611197529279321,-0.20836792231625895,1
SCD5,0.5658232149376727,0.5054917733531805,0.06033144158449222,2
SCN2A,,,,0
SCP2,1.3982890338736416,1.1171974219537621,0.2810916119198794,1
SCRN1,0.7472817961465337,0.7719846205769395,-0.024702824430405834,3
SDC2,,,,0
SDHB,1.5294273150141726,1.2611745696290655,0.2682527453851071,16
SEC11A,1.5347623470233014,0.7055432461530614,0.82921910087024,6
SEC61B,0.5653058165818081,1.1965460214967856,-0.6312402049149775,25
SEC61G,0.553402669127212,0.7203369358124179,-0.16693426668520583,1
SEMA3C,,,,0
SEMA7A,,,,0
SEPSECS,,,,0
SERP1,0.968018656521568,0.7344428413922186,0.23357581512934944,11
SERTAD1,,,,0
SF3B4,,,,0
SFRP1,1.554686406750472,0.51833890876018,1.036347497990292,5
SFRP2,,,,0
SFXN3,,,,0
SGK1,,,,0
SH3BGRL,,,,0
SH3BGRL3,,,,0
SH3BP2,,,,0
SH3BP5,1.5645799714206166,0.7968435168019227,0.7677364546186939,4
SH3GL3,0.19356916521898954,0.9344932649180863,-0.7409240996990967,3
SH3KBP1,0.6339037556009597,1.0154630468315897,-0.38155929123063004,3
SHISA2,,,,0
SHROOM3,,,,0
SIPA1L2,0.8633958794172654,1.6484290281484544,-0.785033148731189,2
SLC22A17,,,,0
SLC25A1,,,,0
SLC25A33,1.4858753034644452,,,1
SLC25A39,,,,0
SLC25A4,,,,0
SLC29A2,,,,0
SLC35B2,,,,0
SLC39A1,,,,0
SLC39A6,1.1252724798805553,1.0252958272492372,0.09997665263131816,13
SLC41A1,,,,0
SLC4A3,,,,0
SMARCA1,,,,0
SMARCC2,0.9388932978547879,0.5968742208050454,0.34201907704974255,18
SMARCD3,,,,0
SMC1A,,,,0
SMC4,0.785734346450481,0.6847550217307612,0.10097932471971982,2
SMIM15,,,,0
SMIM18,,,,0
SMIM20,,,,0
SMPDL3A,,,,0
SMYD5,,,,0
SNCA,0.3187724647335213,0.8733821451374516,-0.5546096804039303,3
SNCB,,,,0
SNHG18,,,,0
SNRNP40,1.2040759049470435,1.0608777276873338,0.14319817725970974,13
SNX4,0.5529265176090141,0.3454711347986315,0.20745538281038262,5
SOAT1,,,,0
SOX6,,,,0
SOX9,,,,0
SPARC,,,,0
SPATA2,,,,0
SPATC1L,,,,0
SPCS1,,,,0
SPOCK1,,,,0
SPOP,1.0112152968823476,0.7137496864693258,0.2974656104130218,14
SPRYD3,,,,0
SREK1,1.0928097314732874,0.8078707002725349,0.2849390312007525,8
SRI,2.262813423230134,0.787948063040114,1.47486536019002,3
SRP9,0.5374646010529252,1.0129677662222678,-0.47550316516934266,32
SRRM4,0.9365898192078099,0.7608797483386658,0.17571007086914414,4
SRSF6,,,,0
SSTR2,,,,0
ST3GAL1,,,,0
ST6GAL2,,,,0
STIP1,0.597297463173797,0.9385503756489619,-0.341252912475165,14
STK17A,1.4143372231092912,1.0399537936651744,0.37438342944411684,4
STMN1,0.3582947784928109,0.9404549917731262,-0.5821602132803153,4
STMN2,0.1819990088044186,0.4461658561894355,-0.2641668473850169,4
STOM,,,,0
STOML2,,,,0
SULT4A1,,,,0
SUMO3,,,,0
SV2A,,,,0
SYAP1,2.1531590955874638,1.12018274074701,1.0329763548404538,7
SYCE1L,,,,0
SYNDIG1,,,,0
SYT17,,,,0
SYT4,,,,0
SYT5,,,,0
TACO1,,,,0
TAF6,,,,0
TANK,0.9520557702835079,1.0464720204447169,-0.09441625016120903,8
TARS,,,,0
TBCB,0.9525150729419111,0.6386361462035488,0.31387892673836226,22
TCEA1,0.7698296226499743,1.0583296110201592,-0.28849998837018487,16
TCEAL1,,,,0
TCEAL5,1.4441932669428432,0.4972947916214021,0.9468984753214411,2
TCF7L1,,,,0
TCF7L2,,,,0
TEAD3,,,,0
TEN1,,,,0
TFAP2C,,,,0
TFAP2D,,,,0
TGIF1,,,,0
THAP1,0.09467403305930583,0.5085509837529335,-0.4138769506936277,1
THUMPD3,0.46667010139545384,0.7696772539881854,-0.3030071525927316,1
THY1,,,,0
TIFA,,,,0
TIMM10,0.8826088544081937,0.2523966716766347,0.630212182731559,1
TIMM8B,0.8236204563548016,1.2582126469291561,-0.4345921905743545,1
TIMP1,,,,0
TJP1,4.72286832113218,0.6216990099235956,4.101169311208584,2
TMEM116,,,,0
TMEM123,1.3039687724307882,0.705619193672138,0.5983495787586502,4
TMEM132A,1.019890839883526,0.5418664865787052,0.47802435330482085,2
TMEM132B,,,,0
TMEM14A,0.7145307428259775,0.30074061508291866,0.41379012774305884,3
TMEM150C,,,,0
TMEM18,,,,0
TMEM50A,0.7617855697832286,0.7186688527674868,0.04311671701574182,12
TMEM70,,,,0
TMPRSS13,,,,0
TMSB10,0.8414598047703162,0.3955649883804438,0.44589481638987244,5
TMTC4,0.5459079567657721,0.7395335354104061,-0.19362557864463403,3
TNIK,1.4538831755357282,0.19728676654728786,1.2565964089884403,5
TOMM20,1.563948005298233,1.1580823222607772,0.40586568303745585,29
TOMM22,,,,0
TOP2A,,,,0
TOR1A,,,,0
TOX3,1.174987346626409,0.585050974395122,0.5899363722312869,1
TPD52L2,2.5811916801996664,1.1720025407602823,1.409189139439384,1
TPM3,1.015446219907426,0.9630005274352577,0.05244569247216824,12
TPMT,,,,0
TRIB1,,,,0
TRIB2,,,,0
TRIM28,,,,0
TRIP6,,,,0
TRMT10C,,,,0
TSN,0.8842766868729134,0.4132793892956295,0.47099729757728387,1
TSPAN12,,,,0
TSPAN13,0.8565255156003264,0.7454565318297779,0.11106898377054852,13
TSPAN17,,,,0
TSPAN6,2.6017651818378926,1.155029040271253,1.4467361415666395,1
TUBA1B,1.204280221850925,0.9955699280063653,0.20871029384455964,21
TUBB4A,0.8008607301957452,0.7406248476300467,0.06023588256569856,3
TWISTNB,,,,0
UAP1,,1.4442549187137326,,1
UBE2I,0.9928041041921568,0.8557741709547719,0.13702993323738488,27
UCHL1,0.628942812498849,1.0638534193001785,-0.43491060680132954,23
UQCRH,0.947741729164173,1.2293512277800005,-0.2816094986158275,27
USB1,,,,0
UXT,0.6107336473128745,1.2493242278952021,-0.6385905805823276,27
VCAN,1.0219680562391922,1.0203003702440039,0.001667685995188295,13
VGLL4,0.40542039526644125,0.7129668948758754,-0.30754649960943414,6
VPS26A,0.8890493440711045,0.9006755517123128,-0.011626207641208364,13
VPS28,0.7425812631777661,0.943729355259407,-0.20114809208164097,26
VSTM2L,,,,0
VTA1,1.7248576633119852,0.5319607785931434,1.192896884718842,7
WBP4,0.7133258658930316,0.8779841367393201,-0.16465827084628848,11
WDR1,,,,0
WDR34,,,,0
WSCD1,,,,0
XAB2,,,,0
XBP1,1.3187930205412153,0.8897646650796235,0.4290283554615918,2
YBX3,,,,0
YIF1A,,,,0
YIPF6,,,,0
ZBTB18,1.9535773019410212,0.6758186061427532,1.2777586957982678,3
ZBTB20,1.9082073367853396,0.8305518949753643,1.0776554418099753,3
ZBTB37,,,,0
ZCCHC4,,,,0
ZFAND6,0.8338538112783007,0.7573103396814153,0.07654347159688546,11
ZFP69B,,,,0
ZKSCAN1,0.9033926780581109,0.6256023944869925,0.27779028357111835,8
ZMAT2,,,,0
ZMAT5,,,,0
ZNF133,,,,0
ZNF22,4.737328683986617,1.1208660608861245,3.616462623100493,1
ZNF276,,,,0
ZNF385D,,,,0
ZNF428,0.8387874333674605,1.046574197095203,-0.2077867637277424,28
ZNF48,,,,0
ZNF492,,,,0
ZNF71,0.07839499134696769,0.5470768891204779,-0.4686818977735102,1
ZNF770,,,,0
ZNF92,0.7844261203571367,1.0628269166598905,-0.27840079630275383,3
ZNHIT1,,1.201450299703742,,1
