gene_name,category,panel_order,vocab_id,paired_observation_fraction,u_bin_mean,u_bin_std,s_bin_mean,s_bin_std,reference_observed,eligible_exact_strata,paired_observations
FOXG1,forebrain_patterning,0,18869,0.9011627906976745,4.864516129032258,2.1533991714671337,14.969677419354838,0.17147338495573874,578,28,1550
EMX1,forebrain_patterning,1,17828,0.9883720930232558,8.955882352941176,2.411454427673765,14.314117647058824,0.7601320227707306,654,13,1700
EMX2,forebrain_patterning,2,17829,0.6290697674418605,5.00554528650647,2.8179459766045705,14.21996303142329,1.451511035778999,433,1,1082
LHX2,forebrain_patterning,3,22492,0.9494186046511628,10.358848744641763,3.0861993181347365,12.483772198407838,3.473971096097433,633,6,1633
PAX6,forebrain_patterning,4,27950,0.8308139534883721,9.108467459762071,3.9361762200954775,13.320503848845346,2.920836708879187,567,3,1429
SOX2,progenitor_maintenance,5,32102,0.2622093023255814,3.3348115299334813,1.9071829790815946,14.361419068736142,2.1382840644133765,168,0,451
HES1,progenitor_maintenance,6,20136,0.1622093023255814,2.2580645161290325,0.8988629911400589,14.394265232974911,1.4986622761060984,108,0,279
NOTCH1,progenitor_maintenance,7,26844,0.5872093023255814,6.424752475247525,3.005404568756062,9.432673267326733,4.1634812383339295,419,0,1010
NES,progenitor_maintenance,8,26594,0.07267441860465117,2.32,0.9346657156438338,14.712,0.47016592815728364,60,0,125
VIM,progenitor_maintenance,9,35203,0.4848837209302326,8.091127098321342,4.652823894419293,14.984412470023981,0.13320150306974043,331,0,834
HOPX,progenitor_maintenance,10,20396,0.23546511627906977,4.982716049382716,2.057733988222391,14.88888888888889,0.3849001794597505,175,0,405
EOMES,neurogenesis,11,17879,0.23081395348837208,5.9571788413098234,3.339811017558208,13.246851385390428,3.185217969294839,162,0,397
ASCL1,neurogenesis,12,13485,0.2895348837209302,2.8293172690763053,1.5972440923368574,12.775100401606426,2.3825045228004287,191,0,498
NEUROD1,neurogenesis,13,26608,0.17965116279069768,2.385113268608414,1.376139152757724,5.9870550161812295,2.2740610068757254,132,0,309
NEUROD2,neurogenesis,14,26609,0.17965116279069768,1.6601941747572815,1.0693136478632075,14.857605177993527,0.865996681219145,138,0,309
DCX,neurogenesis,15,16845,0.9651162790697675,10.88132530120482,3.0882229736764444,14.422289156626507,1.065611228301589,649,8,1660
TBR1,neuronal_maturation,16,33018,0.48604651162790696,4.636363636363637,2.4104672424861406,6.570574162679426,2.3197807922141553,320,0,836
BCL11B,neuronal_maturation,17,13863,0.9901162790697674,12.429242513211978,3.9707698677752026,12.493247210804462,3.866965072805148,653,3,1703
SATB2,neuronal_maturation,18,30755,0.6947674418604651,11.311297071129706,3.7639778532756516,7.034309623430962,4.018950226745019,463,1,1195
FEZF2,neuronal_maturation,19,18651,0.3994186046511628,2.561863173216885,1.507439491708368,12.417758369723435,2.3472562408269324,281,1,687
