draw,kind,genes,genes_with_context_score,median_context_effect,median_pretraining_increment
-1,forebrain_panel,20,9,0.6789694225904596,-0.01081212122626296
0,matched_random_panel,20,10,0.8482060303063212,0.21723202726954016
1,matched_random_panel,20,10,0.6269522664653147,0.006463578470500053
2,matched_random_panel,20,8,0.8346547913658904,-0.11756889677269677
3,matched_random_panel,20,7,0.5374646010529252,0.03791811439168635
4,matched_random_panel,20,8,0.7892800873806732,-0.043908734785740144
5,matched_random_panel,20,8,0.7703283484698535,0.05190694957825043
6,matched_random_panel,20,9,0.7254682918433902,0.04219601613778032
7,matched_random_panel,20,8,1.1805018775140403,0.127197577759796
8,matched_random_panel,20,8,0.6255783263146402,-0.1309341865872221
9,matched_random_panel,20,7,0.8595529526441033,0.044253529204238196
10,matched_random_panel,20,10,0.9846405130094418,0.2388267925860541
11,matched_random_panel,20,8,0.7489261711900899,0.019895266531000932
12,matched_random_panel,20,7,0.9037359195323376,0.16715224492337666
13,matched_random_panel,20,9,0.6849772006348096,-0.00479859156915996
14,matched_random_panel,20,8,0.6144152251479897,-0.24300676309514763
15,matched_random_panel,20,9,0.8414598047703162,0.10552522653944518
16,matched_random_panel,20,7,0.6218739047636617,-0.00479859156915996
17,matched_random_panel,20,9,0.7706764041090303,0.2117800189505753
18,matched_random_panel,20,7,0.6794407170618659,-0.17323179911255632
19,matched_random_panel,20,8,0.4827702805624007,-0.12743551581851606
20,matched_random_panel,20,8,0.7297544259868632,-0.02948296133612377
21,matched_random_panel,20,7,0.8025789109029258,-0.0435059116860661
22,matched_random_panel,20,10,0.8686122368140488,0.16435035346182136
23,matched_random_panel,20,6,0.5600577855528599,-0.38345885786611894
24,matched_random_panel,20,8,0.7289948497284594,0.0563407875189334
25,matched_random_panel,20,10,1.0075336922193512,0.1369855792520519
26,matched_random_panel,20,7,1.5553913591404869,0.5880178222774035
27,matched_random_panel,20,9,0.9351123264396293,0.49667402167830055
28,matched_random_panel,20,9,1.0942342855642107,0.19002373814769047
29,matched_random_panel,20,6,0.5569127728380313,-0.23900789533338573
30,matched_random_panel,20,8,0.6815006715547964,0.03917486553212253
31,matched_random_panel,20,9,0.9037359195323376,0.016795319337715164
32,matched_random_panel,20,7,0.5938785502323447,-0.16465827084628848
33,matched_random_panel,20,8,0.7586212878514484,0.08014596571806665
34,matched_random_panel,20,8,0.6839869336414136,0.2628971336677406
35,matched_random_panel,20,9,0.9351123264396293,0.26358208844664155
36,matched_random_panel,20,8,0.8318329294223425,0.0849844982751371
37,matched_random_panel,20,8,0.5090959316475505,-0.1458324618128614
38,matched_random_panel,20,7,0.7832880465324984,0.18386039288199846
39,matched_random_panel,20,9,0.8156592236325515,0.05244569247216824
40,matched_random_panel,20,10,0.3805976558612607,-0.42917033004752386
41,matched_random_panel,20,6,0.6959340560421635,-0.3916952950507053
42,matched_random_panel,20,9,0.7698296226499743,-0.18581332011361895
43,matched_random_panel,20,7,0.9525150729419111,0.10097932471971982
44,matched_random_panel,20,9,1.23121975120717,0.5983495787586502
45,matched_random_panel,20,9,0.7617855697832286,-0.1215577727072239
46,matched_random_panel,20,10,1.2514206515765105,0.34309629778944023
47,matched_random_panel,20,10,0.8468951153211146,-0.17323179911255632
48,matched_random_panel,20,8,0.8091333311791575,0.28701191827677985
49,matched_random_panel,20,8,1.0379681632235962,0.32508612739849274
50,matched_random_panel,20,11,0.877931512394204,0.04315115484231935
51,matched_random_panel,20,8,0.48582328412770925,-0.12004269467103859
52,matched_random_panel,20,8,0.9152232926680575,0.27958146224390656
53,matched_random_panel,20,7,1.1493089334007291,-0.12617192472143324
54,matched_random_panel,20,9,0.4777040982419193,-0.30694915127092814
55,matched_random_panel,20,9,0.6863582628965701,0.012947191815828485
56,matched_random_panel,20,8,0.5104298317360452,-0.014535996386389013
57,matched_random_panel,20,10,0.9304609840598284,0.37863517651172474
58,matched_random_panel,20,9,0.6424114728638004,0.04311671701574182
59,matched_random_panel,20,10,1.0534727571018978,0.10097932471971982
60,matched_random_panel,20,9,0.5529265176090141,0.059312606716413474
61,matched_random_panel,20,9,1.1031979431027787,0.41379012774305884
62,matched_random_panel,20,7,0.6218739047636617,-0.0435059116860661
63,matched_random_panel,20,8,0.8727623835941609,0.2774722086286161
64,matched_random_panel,20,9,0.6930379180742936,-0.1309341865872221
65,matched_random_panel,20,9,0.5658232149376727,0.011229683693304127
66,matched_random_panel,20,8,0.7659308115977714,0.04370234202327877
67,matched_random_panel,20,9,0.6881812276906003,0.18386039288199846
68,matched_random_panel,20,8,1.0827951147022263,0.39997630465182776
69,matched_random_panel,20,12,0.6190152945734908,-0.039529857645712846
70,matched_random_panel,20,9,0.8025789109029258,0.04219601613778032
71,matched_random_panel,20,9,0.7729635283375585,0.05244569247216824
72,matched_random_panel,20,9,0.898801585477879,0.016795319337715164
73,matched_random_panel,20,12,0.7495301061717563,-0.051490057265586225
74,matched_random_panel,20,10,1.0407439459551724,0.24439370396808563
75,matched_random_panel,20,8,0.6314783987966647,0.05030163275313933
76,matched_random_panel,20,9,0.6272568262706967,0.09150066742488794
77,matched_random_panel,20,8,0.8445635122542959,0.07355724629625754
78,matched_random_panel,20,7,0.7254682918433902,-0.15840185646424249
79,matched_random_panel,20,9,0.7410796071677207,0.059312606716413474
80,matched_random_panel,20,9,1.0840509893691932,0.3216351630127946
81,matched_random_panel,20,9,0.5369659600714833,0.011229683693304127
82,matched_random_panel,20,7,0.9009489798207833,0.29855009298365415
83,matched_random_panel,20,10,0.8631940712379718,0.17186476405934814
84,matched_random_panel,20,10,0.7046063214126561,0.05217840212697261
85,matched_random_panel,20,7,0.8633958794172654,-0.31105015332451913
86,matched_random_panel,20,8,0.9157860389147341,-0.003233787347610262
87,matched_random_panel,20,9,0.6571289692611736,0.2452839977494509
88,matched_random_panel,20,10,0.6179496790155834,0.06470493352003842
89,matched_random_panel,20,9,0.5218771904256087,-0.11184373238695389
90,matched_random_panel,20,7,0.7832880465324984,-0.13265019750098306
91,matched_random_panel,20,7,0.898801585477879,-0.15267831615776503
92,matched_random_panel,20,9,0.9309551995603638,0.14319817725970974
93,matched_random_panel,20,8,0.3981363481070339,-0.3739604882217314
94,matched_random_panel,20,9,0.8333772801124464,0.06732591113360364
95,matched_random_panel,20,9,0.7844261203571367,0.1085267707206754
96,matched_random_panel,20,6,0.4829586194261122,-0.254076350199446
97,matched_random_panel,20,9,0.7425812631777661,0.12332110982446176
98,matched_random_panel,20,11,0.5413088063380237,-0.3641570916612852
99,matched_random_panel,20,8,0.5516439079952989,-0.3491005587055601
100,matched_random_panel,20,9,0.5874985702335058,-0.12410391282895744
101,matched_random_panel,20,9,0.8770156256641113,0.09150066742488794
102,matched_random_panel,20,7,0.7285213231999781,0.06023588256569856
103,matched_random_panel,20,9,0.7706764041090303,0.41379012774305884
104,matched_random_panel,20,8,0.7760520434680254,-0.029936192325729305
105,matched_random_panel,20,8,0.7537761096799551,-0.09868875201976118
106,matched_random_panel,20,11,0.5044304741095899,-0.12410391282895744
107,matched_random_panel,20,11,0.5653058165818081,0.09480411173339631
108,matched_random_panel,20,10,0.866494663500517,0.15742007226011662
109,matched_random_panel,20,9,0.8121353737397291,0.14742353568977895
110,matched_random_panel,20,9,0.9597904207378407,0.35439747979162206
111,matched_random_panel,20,10,0.7872284436400836,0.13650339985812512
112,matched_random_panel,20,10,0.5651117180205786,-0.3441872341250514
113,matched_random_panel,20,10,0.6046862374985837,-0.026486606620768377
114,matched_random_panel,20,9,0.5590059838804042,0.08818384636561882
115,matched_random_panel,20,9,0.8842766868729134,0.20745538281038262
116,matched_random_panel,20,8,0.9414270278019011,0.509029777209545
117,matched_random_panel,20,7,0.9137680132132603,0.4689514665126185
118,matched_random_panel,20,8,0.5719612528019005,0.4117945713787545
119,matched_random_panel,20,6,1.1133539513216568,0.4235943594384915
120,matched_random_panel,20,11,0.73687581525088,-0.17655959782936848
121,matched_random_panel,20,9,0.8770156256641113,0.07113069958742069
122,matched_random_panel,20,5,1.0369919463127997,0.06789747078300712
123,matched_random_panel,20,8,0.9244401698264448,0.3088228509940156
124,matched_random_panel,20,7,1.289014743677624,0.3162280634401925
125,matched_random_panel,20,8,0.7538232817228026,0.14886484511080955
126,matched_random_panel,20,8,1.214468173541848,0.5684608455763004
127,matched_random_panel,20,8,0.5923601461708785,-0.024702824430405834
128,matched_random_panel,20,8,0.7375835725059465,-0.07998315127912703
129,matched_random_panel,20,8,0.9332544966850362,0.04650366711638537
130,matched_random_panel,20,10,0.9747463364123298,0.06813078280070806
131,matched_random_panel,20,9,0.5810214489268707,-0.07510680536286549
132,matched_random_panel,20,9,0.8008607301957452,0.3216351630127946
133,matched_random_panel,20,10,0.8144956909909356,0.10360122917476916
134,matched_random_panel,20,8,0.6661656971527106,0.0988615763627371
135,matched_random_panel,20,8,0.7699528380311443,-0.267218802701258
136,matched_random_panel,20,9,0.877931512394204,-0.011626207641208364
137,matched_random_panel,20,11,0.9351123264396293,0.15460643570973237
138,matched_random_panel,20,9,0.7106771303921144,0.06980684098790302
139,matched_random_panel,20,10,0.866738037807327,0.1032522756295825
140,matched_random_panel,20,8,0.9304609840598284,0.11287467115283398
141,matched_random_panel,20,8,0.9893641421622364,0.12948111054732625
142,matched_random_panel,20,10,0.9435488203256568,-0.1345155184396209
143,matched_random_panel,20,8,0.7381581563046031,0.19875709840368194
144,matched_random_panel,20,7,0.6069565455323177,-0.12617192472143324
145,matched_random_panel,20,8,0.8787773487866799,0.07837870495131889
146,matched_random_panel,20,10,0.9762972624649988,0.13702993323738488
147,matched_random_panel,20,8,1.4858821884595832,0.6950167272559318
148,matched_random_panel,20,11,1.0928097314732874,0.16023370881050086
149,matched_random_panel,20,9,0.5277706758804018,-0.14132656696328005
150,matched_random_panel,20,6,0.5034001653082635,-0.25036721666913786
151,matched_random_panel,20,9,0.7145307428259775,-0.05561722908250499
152,matched_random_panel,20,7,0.8450908353792859,0.14414631782994203
153,matched_random_panel,20,9,0.7700760534123143,0.10097932471971982
154,matched_random_panel,20,8,0.7956577263867481,-0.07671600007590604
155,matched_random_panel,20,10,0.7963049367944706,-0.19704772785178462
156,matched_random_panel,20,10,0.7851150415181088,0.12173561126003146
157,matched_random_panel,20,10,0.5370439877666593,-0.30129709367726254
158,matched_random_panel,20,9,0.6571289692611736,-0.15267831615776503
159,matched_random_panel,20,8,0.6989666151898635,-0.17094208696830535
160,matched_random_panel,20,8,0.5654578656054441,-0.4071569360122543
161,matched_random_panel,20,9,0.553402669127212,-0.16693426668520583
162,matched_random_panel,20,6,0.5764422670563745,-0.09609842584446658
163,matched_random_panel,20,8,0.8094070951103106,0.0010892130593289084
164,matched_random_panel,20,7,1.204280221850925,0.3742371464666232
165,matched_random_panel,20,8,1.0021564091605097,0.2229154676075305
166,matched_random_panel,20,9,1.3079247055184176,0.16715224492337666
167,matched_random_panel,20,9,0.3880405272527574,-0.3419714042756101
168,matched_random_panel,20,7,0.9309551995603638,0.19002373814769047
169,matched_random_panel,20,11,0.40950286744273,-0.15264770771153713
170,matched_random_panel,20,8,0.8524709745448018,0.02457389904249524
171,matched_random_panel,20,9,0.7410796071677207,0.13794599598061774
172,matched_random_panel,20,11,1.015446219907426,0.05244569247216824
173,matched_random_panel,20,8,0.7775049118132573,0.16115982482528385
174,matched_random_panel,20,8,0.8746672946803616,0.17494009158390653
175,matched_random_panel,20,9,0.8008607301957452,0.10166819006155339
176,matched_random_panel,20,8,1.0209286034475986,0.28778626422867415
177,matched_random_panel,20,9,0.8826088544081937,0.10167723181009314
178,matched_random_panel,20,8,0.5549700776651902,-0.11796423093934355
179,matched_random_panel,20,7,0.7761629685351763,0.13794599598061774
180,matched_random_panel,20,7,0.7729635283375585,0.13702993323738488
181,matched_random_panel,20,8,1.9308923193631804,1.1777070688041216
182,matched_random_panel,20,9,0.8121353737397291,0.06023588256569856
183,matched_random_panel,20,7,0.9520557702835079,-0.03951853553116813
184,matched_random_panel,20,9,0.8826088544081937,0.15988963880755408
185,matched_random_panel,20,8,1.1775632613771314,0.1565479649787287
186,matched_random_panel,20,7,0.8334885540957601,0.4778672641442578
187,matched_random_panel,20,9,0.8334885540957601,0.1085267707206754
188,matched_random_panel,20,8,0.892772162189634,0.21697258631154287
189,matched_random_panel,20,8,0.6689738690967231,-0.02412225957590111
190,matched_random_panel,20,8,0.912976683904946,0.19872047142836977
191,matched_random_panel,20,7,0.9154342401161639,0.044253529204238196
192,matched_random_panel,20,10,0.6820835373610504,-0.36865188068530685
193,matched_random_panel,20,9,0.8230847480074991,0.23357581512934944
194,matched_random_panel,20,10,0.8398051318039128,0.10885447285266925
195,matched_random_panel,20,9,1.2119903392604838,0.39456457242347415
196,matched_random_panel,20,8,0.7656526739020477,0.04557687456670245
197,matched_random_panel,20,7,0.46667010139545384,-0.22797070931596675
198,matched_random_panel,20,11,0.6272568262706967,0.07654347159688546
199,matched_random_panel,20,10,0.8536331116584202,0.16723083808469402
200,matched_random_panel,20,9,0.9949869243972717,-0.03200734920000986
201,matched_random_panel,20,8,1.4894778069830723,0.6808371129928292
202,matched_random_panel,20,9,0.6636580823957744,-0.2528281067866884
203,matched_random_panel,20,10,0.9496556287138609,0.04315115484231935
204,matched_random_panel,20,9,0.8230847480074991,0.42936257634795316
205,matched_random_panel,20,10,0.7599876444469871,0.08982873515404804
206,matched_random_panel,20,8,0.9337450051998359,-0.03881046541174693
207,matched_random_panel,20,10,0.49878873390452966,-0.17321649488944235
208,matched_random_panel,20,10,0.9713643267807224,0.10674706464071929
209,matched_random_panel,20,10,0.7738711770097313,-0.12476005501378987
210,matched_random_panel,20,9,1.0112152968823476,0.2974656104130218
211,matched_random_panel,20,10,0.7838478037513822,-0.0703845612880436
212,matched_random_panel,20,8,0.8989772275896941,0.0518398208642708
213,matched_random_panel,20,10,1.0689722747195574,0.18694206551484446
214,matched_random_panel,20,10,1.3820393107743942,0.26761913442039165
215,matched_random_panel,20,8,0.8915856244958164,0.13406578482154824
216,matched_random_panel,20,11,1.0264109869877716,0.40586568303745585
217,matched_random_panel,20,8,0.5955880067030708,-0.009458594966882339
218,matched_random_panel,20,9,0.5582771645764061,0.1085267707206754
219,matched_random_panel,20,9,0.719114558698229,0.06023588256569856
220,matched_random_panel,20,9,1.2242607784539477,0.1085267707206754
221,matched_random_panel,20,8,0.9709226135519677,0.061160272938580174
222,matched_random_panel,20,9,0.9351123264396293,-0.011626207641208364
223,matched_random_panel,20,9,0.9417363380116732,0.1587516053002439
224,matched_random_panel,20,11,0.9154342401161639,0.0958063234055598
225,matched_random_panel,20,9,0.877931512394204,0.06898967183055438
226,matched_random_panel,20,9,0.8633958794172654,-0.06083949255479487
227,matched_random_panel,20,7,0.8121353737397291,0.39456457242347415
228,matched_random_panel,20,6,0.5752912373052254,0.09290489745217227
229,matched_random_panel,20,9,0.6099596943337906,0.09150066742488794
230,matched_random_panel,20,9,0.9528843915196773,0.15860933408288036
231,matched_random_panel,20,8,0.9493418592963143,0.3134790541252475
232,matched_random_panel,20,5,0.7761629685351763,0.07654347159688546
233,matched_random_panel,20,10,0.9122720860609472,0.27191704536655253
234,matched_random_panel,20,9,1.2040759049470435,0.35439747979162206
235,matched_random_panel,20,11,1.0275446880072103,0.3755120817374545
236,matched_random_panel,20,10,0.8311788163756704,0.08448316223093627
237,matched_random_panel,20,6,0.5611783064522191,-0.03265066874239969
238,matched_random_panel,20,8,0.7535922580945831,-0.20455338124461506
239,matched_random_panel,20,10,0.7242160346729332,0.05508921984108439
240,matched_random_panel,20,7,0.9365898192078099,0.2849390312007525
241,matched_random_panel,20,9,1.2924132666784176,0.46443532861444614
242,matched_random_panel,20,8,0.7662309869461295,0.06710061399503353
243,matched_random_panel,20,9,0.8156592236325515,0.09480411173339631
244,matched_random_panel,20,8,0.4321058385757832,-0.3419714042756101
245,matched_random_panel,20,8,1.131193422215431,0.3989250913141884
246,matched_random_panel,20,8,0.7073385794746649,0.07676405187702491
247,matched_random_panel,20,10,0.8394524897180349,0.16248145722710855
248,matched_random_panel,20,9,0.5874985702335058,-0.07433758248190003
249,matched_random_panel,20,8,0.5084916698758032,-0.47003099061323794
250,matched_random_panel,20,9,0.6097690801061876,-0.047180270576854505
251,matched_random_panel,20,8,0.7538232817228026,-0.06696739284618858
252,matched_random_panel,20,10,0.7100844649506006,0.04341254977077186
253,matched_random_panel,20,10,0.8062951887690761,0.3519039916962643
254,matched_random_panel,20,6,0.5795283938793017,-0.25475095664194203
255,matched_random_panel,20,8,1.1281325149307395,0.26467367038316586
256,matched_random_panel,20,8,0.9686559401916378,0.3022597193225331
257,matched_random_panel,20,7,0.6097690801061876,0.10097932471971982
258,matched_random_panel,20,9,0.8770156256641113,0.21952258451882134
259,matched_random_panel,20,8,0.8525941899259718,0.41699048791029386
260,matched_random_panel,20,9,1.0112152968823476,-0.18676625281481884
261,matched_random_panel,20,7,1.256623302209452,0.3539312334868924
262,matched_random_panel,20,9,0.4936779760520118,-0.21783351908231494
263,matched_random_panel,20,7,0.6794407170618659,0.18386039288199846
264,matched_random_panel,20,9,0.6657390152927376,0.09108451097432524
265,matched_random_panel,20,7,0.7761629685351763,-0.03951853553116813
266,matched_random_panel,20,7,0.9037359195323376,0.20611013033184822
267,matched_random_panel,20,9,1.0270752510667536,-0.12410391282895744
268,matched_random_panel,20,9,0.7410796071677207,0.10167723181009314
269,matched_random_panel,20,7,1.127318764673925,0.2865888348604628
270,matched_random_panel,20,9,1.1297363356767471,0.32957083692590544
271,matched_random_panel,20,8,0.6130749336185581,0.015251261440387465
272,matched_random_panel,20,8,0.7507840861505706,-0.00938811763191616
273,matched_random_panel,20,7,0.9280654580862122,0.10097932471971982
274,matched_random_panel,20,10,0.5395929620765887,-0.028196491017944844
275,matched_random_panel,20,9,0.7867911654129441,0.2452839977494509
276,matched_random_panel,20,6,1.0035394140597078,0.21116684687344273
277,matched_random_panel,20,8,0.7023053241525666,-0.026791011518075863
278,matched_random_panel,20,8,0.5621559002311062,-0.13845890374559178
279,matched_random_panel,20,10,0.800316279905912,-0.09539858013435948
280,matched_random_panel,20,9,0.6794407170618659,0.06033144158449222
281,matched_random_panel,20,9,0.8640028842139749,0.20871029384455964
282,matched_random_panel,20,10,0.661642780113411,-0.004881273987217244
283,matched_random_panel,20,9,0.49306652660644795,-0.30754649960943414
284,matched_random_panel,20,7,0.6636580823957744,0.06033144158449222
285,matched_random_panel,20,9,1.0275446880072103,0.2972414292346769
286,matched_random_panel,20,9,0.5298336858586118,-0.2077867637277424
287,matched_random_panel,20,8,1.0694912743206713,0.3931055330002384
288,matched_random_panel,20,9,0.8414598047703162,0.19002373814769047
289,matched_random_panel,20,9,1.04399380733518,0.7435977267406425
290,matched_random_panel,20,10,0.8196213272081236,-0.08690953049949518
291,matched_random_panel,20,9,0.5369659600714833,0.17290841336441504
292,matched_random_panel,20,8,1.0422106299201792,0.1517159430351053
293,matched_random_panel,20,6,0.6197331296095199,-0.08279537379498104
294,matched_random_panel,20,9,0.9309551995603638,0.09997665263131816
295,matched_random_panel,20,11,0.877931512394204,0.14319817725970974
296,matched_random_panel,20,8,0.8730121979326645,0.2713450571260223
297,matched_random_panel,20,11,0.6900980841270833,-0.07969478438804828
298,matched_random_panel,20,8,0.7874667092230108,0.1992425357471292
299,matched_random_panel,20,10,0.9845184215174521,0.2631976153243585
300,matched_random_panel,20,7,0.34575795883584454,-0.323426810676986
301,matched_random_panel,20,6,0.6755196507507557,0.1403255539014151
302,matched_random_panel,20,10,0.6396535916132808,0.07837870495131889
303,matched_random_panel,20,9,1.0942342855642107,0.19002373814769047
304,matched_random_panel,20,10,0.6007087283721023,-0.08848176272142566
305,matched_random_panel,20,11,0.7700760534123143,0.13794599598061774
306,matched_random_panel,20,8,1.3459493680472707,0.41141283722988914
307,matched_random_panel,20,8,0.7890623095896276,-0.0660792101255433
308,matched_random_panel,20,11,1.174987346626409,0.4608754746074588
309,matched_random_panel,20,10,0.7538984322597813,0.0891103517034893
310,matched_random_panel,20,8,0.8824045054193322,0.10047798867551899
311,matched_random_panel,20,11,1.289014743677624,0.3162280634401925
312,matched_random_panel,20,9,1.0942342855642107,0.09997665263131816
313,matched_random_panel,20,8,0.5476841911357911,-0.1526630119346511
314,matched_random_panel,20,9,0.4562055472103671,0.13393974960776328
315,matched_random_panel,20,8,0.9654314325825977,0.13393974960776328
316,matched_random_panel,20,10,1.1488791489223473,0.6141239924498467
317,matched_random_panel,20,7,0.9520557702835079,0.2452839977494509
318,matched_random_panel,20,9,0.7689894172341395,0.04219601613778032
319,matched_random_panel,20,9,0.9974369025411517,0.3216351630127946
320,matched_random_panel,20,10,0.9196053124032413,0.112751888371807
321,matched_random_panel,20,10,1.0598139980316699,0.23459377058875658
322,matched_random_panel,20,9,0.8121353737397291,0.17290841336441504
323,matched_random_panel,20,7,1.0112152968823476,0.5886969780711369
324,matched_random_panel,20,7,0.5459079567657721,-0.16072339338778002
325,matched_random_panel,20,7,0.719114558698229,-0.0463002038290673
326,matched_random_panel,20,9,1.0275446880072103,0.2865888348604628
327,matched_random_panel,20,9,0.7897606157889665,-0.07969478438804828
328,matched_random_panel,20,7,0.703066073020872,0.018704233446704577
329,matched_random_panel,20,11,0.719114558698229,0.11106898377054852
330,matched_random_panel,20,10,0.9786830932740677,0.2745435616591732
331,matched_random_panel,20,9,0.9928041041921568,0.12332110982446176
332,matched_random_panel,20,7,0.6099596943337906,-0.14132656696328005
333,matched_random_panel,20,7,0.40593558371017013,-0.19378528206734758
334,matched_random_panel,20,9,0.5810214489268707,0.2682527453851071
335,matched_random_panel,20,8,0.9915786182188768,0.18868867397813793
336,matched_random_panel,20,7,0.5413088063380237,0.07592235888933306
337,matched_random_panel,20,10,0.7908321627507512,0.17540461214444802
338,matched_random_panel,20,9,0.9525150729419111,0.012947191815828485
339,matched_random_panel,20,11,0.9365898192078099,0.17571007086914414
340,matched_random_panel,20,10,0.7454794071614143,0.06568329107655962
341,matched_random_panel,20,7,0.4237524954506708,-0.18337078570366616
342,matched_random_panel,20,6,0.9896476892537245,0.19413303333527798
343,matched_random_panel,20,10,0.8922485025043043,0.23182579956498572
344,matched_random_panel,20,8,1.8338817407592454,1.0894759128216824
345,matched_random_panel,20,9,0.6863582628965701,-0.07510680536286549
346,matched_random_panel,20,8,0.7576144538161784,0.034011030055458163
347,matched_random_panel,20,11,0.6636580823957744,0.012947191815828485
348,matched_random_panel,20,8,1.0025053014171839,0.3313020852954706
349,matched_random_panel,20,9,0.620268127892595,0.07113069958742069
350,matched_random_panel,20,11,1.0264109869877716,0.4706815181629867
351,matched_random_panel,20,11,0.9309551995603638,0.27779028357111835
352,matched_random_panel,20,8,0.8349691985274614,0.05489916715065052
353,matched_random_panel,20,8,1.1577128653326978,0.36500909559162564
354,matched_random_panel,20,10,0.45212909394124523,-0.36297177142108805
355,matched_random_panel,20,10,0.441355795334899,-0.061874255601717
356,matched_random_panel,20,6,0.7034336419692591,-0.2205167470378682
357,matched_random_panel,20,10,1.0123463211022448,0.41162746093557384
358,matched_random_panel,20,9,0.7485874933241773,0.2713450571260223
359,matched_random_panel,20,10,0.5939743981896266,-0.35655757846862063
360,matched_random_panel,20,10,0.801562486264704,0.010406453026662044
361,matched_random_panel,20,9,0.7106771303921144,0.065344257388431
362,matched_random_panel,20,11,0.877931512394204,0.20537959709918097
363,matched_random_panel,20,8,0.8251315795369389,0.1234758418723196
364,matched_random_panel,20,6,0.9495625236982402,0.15759796405840232
365,matched_random_panel,20,9,0.8826088544081937,0.3942265664095559
366,matched_random_panel,20,8,1.3202848897935082,0.3822804439563117
367,matched_random_panel,20,9,0.877931512394204,0.06898967183055438
368,matched_random_panel,20,6,0.6960429138252722,-0.15370999035311872
369,matched_random_panel,20,6,0.7559118737137773,0.07884541904323938
370,matched_random_panel,20,6,0.7159852674648411,-0.17751787086865717
371,matched_random_panel,20,9,0.8640028842139749,0.2451563622036363
372,matched_random_panel,20,10,0.6403889144477297,0.07570797627940873
373,matched_random_panel,20,9,1.2242607784539477,0.1085267707206754
374,matched_random_panel,20,8,0.7143508479995367,-0.43963973971354336
375,matched_random_panel,20,10,0.8245738888641558,0.2055160875867944
376,matched_random_panel,20,6,1.0301924031600924,0.3443368153512275
377,matched_random_panel,20,7,0.40950286744273,-0.05947420284510635
378,matched_random_panel,20,8,0.7564646355788129,-0.020380189759065276
379,matched_random_panel,20,7,0.5938785502323447,-0.12617192472143324
380,matched_random_panel,20,9,1.0264109869877716,0.10552522653944518
381,matched_random_panel,20,8,0.6448695241975484,-0.2073684810653928
382,matched_random_panel,20,9,0.6794407170618659,-0.07510680536286549
383,matched_random_panel,20,7,0.703066073020872,0.10097932471971982
384,matched_random_panel,20,8,1.0057884978395935,0.17001412552091844
385,matched_random_panel,20,7,0.9351123264396293,-0.03951853553116813
386,matched_random_panel,20,7,0.7133258658930316,0.06033144158449222
387,matched_random_panel,20,7,1.0552769637008619,-0.08042632128751825
388,matched_random_panel,20,8,0.8730121979326645,0.2874274173376782
389,matched_random_panel,20,8,0.7041875041712342,0.11616459622079356
390,matched_random_panel,20,9,0.5653058165818081,-0.02755712049920153
391,matched_random_panel,20,9,1.095682876771854,0.3153253346264484
392,matched_random_panel,20,6,0.36110356632029245,-0.21072998211503904
393,matched_random_panel,20,9,1.0369919463127997,0.2865888348604628
394,matched_random_panel,20,8,0.8150807344445331,0.337323287048702
395,matched_random_panel,20,8,0.8147572750948292,-0.02225613558514794
396,matched_random_panel,20,7,0.9741244788528292,0.20537959709918097
397,matched_random_panel,20,8,0.8445635122542959,0.12208875098971478
398,matched_random_panel,20,7,0.7145307428259775,-0.00479859156915996
399,matched_random_panel,20,9,0.9309551995603638,0.1085267707206754
400,matched_random_panel,20,10,0.716323749814957,-0.06907752344238405
401,matched_random_panel,20,9,0.8334885540957601,0.26358208844664155
402,matched_random_panel,20,7,0.6428985957440091,0.10552522653944518
403,matched_random_panel,20,9,0.9949869243972717,0.14742353568977895
404,matched_random_panel,20,8,0.63815761423238,-0.2508044920057417
405,matched_random_panel,20,10,0.6896436440573401,0.18946744716115824
406,matched_random_panel,20,9,0.8387874333674605,-0.1527278702687771
407,matched_random_panel,20,9,0.7106771303921144,0.10552522653944518
408,matched_random_panel,20,9,0.9309551995603638,0.09108451097432524
409,matched_random_panel,20,10,0.8529119745246112,0.09109976259242797
410,matched_random_panel,20,9,0.6889955196658539,-0.07436504547822764
411,matched_random_panel,20,9,0.719114558698229,-0.1215577727072239
412,matched_random_panel,20,7,0.6424114728638004,-0.19378528206734758
413,matched_random_panel,20,9,1.1956616221804621,0.2810916119198794
414,matched_random_panel,20,6,1.0864231222136143,0.3594906426553537
415,matched_random_panel,20,8,0.8474685761491971,0.15969698540291055
416,matched_random_panel,20,7,0.9388932978547879,0.10097932471971982
417,matched_random_panel,20,10,0.9306992496427555,0.1887277711005676
418,matched_random_panel,20,7,0.7440751511479627,0.026493657957051497
419,matched_random_panel,20,9,0.6218739047636617,-0.17655959782936848
420,matched_random_panel,20,9,0.9309551995603638,0.2974656104130218
421,matched_random_panel,20,6,0.6833419725667089,0.0563407875189334
422,matched_random_panel,20,8,0.8166490035159384,0.1554272046725164
423,matched_random_panel,20,8,0.5547265162250858,-0.02378022061603599
424,matched_random_panel,20,10,0.557991161787482,-0.12751904970808978
425,matched_random_panel,20,8,0.6940435302618653,-0.060318893155483666
426,matched_random_panel,20,11,0.8668285959359142,0.10166819006155339
427,matched_random_panel,20,8,0.5153675797353271,-0.17338499792238504
428,matched_random_panel,20,10,0.7173642162634386,0.025782987721578554
429,matched_random_panel,20,7,0.8230847480074991,0.08038480133866233
430,matched_random_panel,20,8,0.5168560948922307,-0.23059801455147366
431,matched_random_panel,20,10,0.9245636600262643,0.19638293130010764
432,matched_random_panel,20,10,0.7076875006006795,-0.07546325102927459
433,matched_random_panel,20,7,0.6272568262706967,-0.30288613030885925
434,matched_random_panel,20,9,0.7410796071677207,0.07654347159688546
435,matched_random_panel,20,9,0.968018656521568,0.2452839977494509
436,matched_random_panel,20,10,0.6258320397391891,-0.10821668616307277
437,matched_random_panel,20,9,0.6739430532412617,-0.22797070931596675
438,matched_random_panel,20,8,1.031942323609353,0.43014071263117915
439,matched_random_panel,20,8,0.5114501062325298,-0.27785711854777384
440,matched_random_panel,20,9,0.7145307428259775,0.2865888348604628
441,matched_random_panel,20,9,0.6571289692611736,-0.15267831615776503
442,matched_random_panel,20,8,0.6153898163085709,-0.16686818705718082
443,matched_random_panel,20,9,0.9137680132132603,0.10097932471971982
444,matched_random_panel,20,9,0.6863582628965701,0.012947191815828485
445,matched_random_panel,20,8,1.1594121268330946,0.7948286752319864
446,matched_random_panel,20,9,0.4237524954506708,-0.15267831615776503
447,matched_random_panel,20,11,0.553402669127212,-0.2528281067866884
448,matched_random_panel,20,8,0.7804943467984616,0.14811822129889135
449,matched_random_panel,20,12,1.1426459102111735,0.12874697572299992
450,matched_random_panel,20,9,0.8236204563548016,0.1662113091539732
451,matched_random_panel,20,11,0.9154342401161639,0.018704233446704577
452,matched_random_panel,20,9,0.8334885540957601,0.17290841336441504
453,matched_random_panel,20,10,1.0566915152798368,0.14759293694190495
454,matched_random_panel,20,8,0.9096945066562714,0.3186342486701859
455,matched_random_panel,20,8,0.8820955720116185,0.013812393950677293
456,matched_random_panel,20,11,0.7897606157889665,-0.06083949255479487
457,matched_random_panel,20,7,0.6518350163966106,-0.15627865570254174
458,matched_random_panel,20,7,1.0840509893691932,0.04504419753753175
459,matched_random_panel,20,8,0.7251008405719558,0.0757577504630415
460,matched_random_panel,20,8,0.720950991913957,0.010428874998289428
461,matched_random_panel,20,9,0.6657390152927376,0.09108451097432524
462,matched_random_panel,20,11,0.5874985702335058,-0.12410391282895744
463,matched_random_panel,20,7,1.0275446880072103,0.2682527453851071
464,matched_random_panel,20,9,0.5277706758804018,-0.22797070931596675
465,matched_random_panel,20,9,0.8333772801124464,0.10663996193478997
466,matched_random_panel,20,8,0.7556013191469356,0.014966958570004352
467,matched_random_panel,20,8,0.8074602290146301,-0.1126607155740125
468,matched_random_panel,20,9,0.4777040982419193,-0.07510680536286549
469,matched_random_panel,20,9,0.8051610908416966,-0.12410391282895744
470,matched_random_panel,20,9,0.8640028842139749,0.16715224492337666
471,matched_random_panel,20,7,0.9187672642058994,-0.08042632128751825
472,matched_random_panel,20,8,1.2785367614055503,0.16490899772660872
473,matched_random_panel,20,10,0.8034742459482498,-0.029412122389779777
474,matched_random_panel,20,8,0.9650496254184504,0.10247294138026553
475,matched_random_panel,20,8,0.4781116568398505,-0.2677004259000673
476,matched_random_panel,20,10,0.6847694005944747,-0.06934803111313159
477,matched_random_panel,20,9,0.7472817961465337,0.04219601613778032
478,matched_random_panel,20,8,0.6407239204044961,-0.09537139563757757
479,matched_random_panel,20,8,0.9244401698264448,0.18838975805289127
480,matched_random_panel,20,8,0.890204151861111,0.06992415463546403
481,matched_random_panel,20,9,0.6900980841270833,0.08049039838898343
482,matched_random_panel,20,7,0.719114558698229,-0.11391346462064394
483,matched_random_panel,20,9,0.8334885540957601,0.07222047118994629
484,matched_random_panel,20,8,0.9860521363762145,0.328297224427072
485,matched_random_panel,20,9,0.8236204563548016,0.2452839977494509
486,matched_random_panel,20,6,0.6825804411448211,-0.03061316556136584
487,matched_random_panel,20,11,0.719114558698229,0.1587516053002439
488,matched_random_panel,20,9,0.9625434239477791,0.19054424422966793
489,matched_random_panel,20,8,0.9618796518762602,0.24066300164751012
490,matched_random_panel,20,8,0.9212638689602188,0.18946613193697598
491,matched_random_panel,20,8,0.7988025613840235,0.06583516468397599
492,matched_random_panel,20,8,0.6506573109127638,0.04315115484231935
493,matched_random_panel,20,9,0.6407418178451076,-0.11391346462064394
494,matched_random_panel,20,7,0.5374646010529252,-0.1309341865872221
495,matched_random_panel,20,9,1.2482998741095475,0.07336071467381244
496,matched_random_panel,20,8,0.9201628693700737,0.3900514147520395
497,matched_random_panel,20,10,0.5663054188692416,-0.13329589038920447
498,matched_random_panel,20,10,1.072106267805338,0.20603584504608427
499,matched_random_panel,20,8,0.9095850798242507,-0.11999424013366372
500,matched_random_panel,20,9,1.0112152968823476,0.2974656104130218
501,matched_random_panel,20,9,0.9033926780581109,0.32957083692590544
502,matched_random_panel,20,9,0.9280654580862122,0.018704233446704577
503,matched_random_panel,20,8,0.7176928368349769,-0.028362312327074674
504,matched_random_panel,20,7,1.0112152968823476,0.2974656104130218
505,matched_random_panel,20,8,0.8343304446700277,0.10636858691605096
506,matched_random_panel,20,7,0.898801585477879,-0.2954048757763038
507,matched_random_panel,20,9,0.8690627648924447,0.020601345597403453
508,matched_random_panel,20,9,0.7897606157889665,0.09997665263131816
509,matched_random_panel,20,9,0.6947006380578111,-0.0463002038290673
510,matched_random_panel,20,8,0.8677709345920086,0.08030722319026479
511,matched_random_panel,20,10,0.6048114113820687,-0.00287513635685524
512,matched_random_panel,20,7,0.6889955196658539,-0.0463002038290673
513,matched_random_panel,20,7,1.4055917039270611,0.04315115484231935
514,matched_random_panel,20,8,0.48569103714696554,-0.23383627232935408
515,matched_random_panel,20,9,0.7867911654129441,0.3292788375704096
516,matched_random_panel,20,8,0.8308433032210115,0.055842928285864346
517,matched_random_panel,20,8,0.6096423750829753,-0.14411766397197617
518,matched_random_panel,20,9,0.9388932978547879,0.06033144158449222
519,matched_random_panel,20,9,0.8826088544081937,0.12332110982446176
520,matched_random_panel,20,8,0.6611529843600668,-0.21783351908231494
521,matched_random_panel,20,7,0.8167746049781178,-0.1309341865872221
522,matched_random_panel,20,7,0.947741729164173,0.10552522653944518
523,matched_random_panel,20,12,0.8914672283915287,0.14057208662016374
524,matched_random_panel,20,9,0.8334885540957601,0.20537959709918097
525,matched_random_panel,20,8,0.6378398989620531,0.11867100437069694
526,matched_random_panel,20,9,0.6881812276906003,0.17290841336441504
527,matched_random_panel,20,9,0.6947006380578111,0.026493657957051497
528,matched_random_panel,20,10,0.9618796518762602,0.24938997711943514
529,matched_random_panel,20,9,1.1493089334007291,0.39198449959092097
530,matched_random_panel,20,9,1.04399380733518,0.2972414292346769
531,matched_random_panel,20,8,0.7932975383231131,0.08010626759850836
532,matched_random_panel,20,9,0.898801585477879,0.1719977508570949
533,matched_random_panel,20,11,0.8008607301957452,0.13702993323738488
534,matched_random_panel,20,10,0.5091962063101778,-0.18979930109048326
535,matched_random_panel,20,6,0.4186221024088086,-0.15404759173700427
536,matched_random_panel,20,9,0.6736430442813669,0.13702993323738488
537,matched_random_panel,20,10,0.6940118069958207,0.15545241181931307
538,matched_random_panel,20,9,0.5702915944448488,-0.11391346462064394
539,matched_random_panel,20,7,0.8338538112783007,0.07654347159688546
540,matched_random_panel,20,10,0.9386179259152121,0.2503093594582651
541,matched_random_panel,20,8,0.7673950043690789,0.15497187341885632
542,matched_random_panel,20,7,0.6218739047636617,0.016795319337715164
543,matched_random_panel,20,9,0.6947006380578111,0.014080671976119896
544,matched_random_panel,20,10,0.709253104958842,-0.004496662546734517
545,matched_random_panel,20,9,0.7706764041090303,0.011229683693304127
546,matched_random_panel,20,9,0.7472817961465337,0.04219601613778032
547,matched_random_panel,20,7,0.6739430532412617,-0.30288613030885925
548,matched_random_panel,20,8,0.687144867823225,-0.0203565163997666
549,matched_random_panel,20,7,0.6218739047636617,0.04504419753753175
550,matched_random_panel,20,9,1.0264109869877716,0.4706815181629867
551,matched_random_panel,20,9,1.0397583047836185,0.35439747979162206
552,matched_random_panel,20,10,0.5392861535786861,0.02239220150546506
553,matched_random_panel,20,7,0.8333772801124464,-0.07433758248190003
554,matched_random_panel,20,8,0.7407134287038825,0.20138332788706104
555,matched_random_panel,20,7,0.7930204586432591,0.2451563622036363
556,matched_random_panel,20,7,0.5194897887282827,-0.2954048757763038
557,matched_random_panel,20,9,0.9365898192078099,0.17571007086914414
558,matched_random_panel,20,7,0.6218739047636617,-0.03951853553116813
559,matched_random_panel,20,9,1.2119903392604838,0.688014713448813
560,matched_random_panel,20,8,0.704716418456763,-0.1361316203223053
561,matched_random_panel,20,11,0.6571289692611736,-0.19362557864463403
562,matched_random_panel,20,8,0.7143951512458205,0.06953187697438964
563,matched_random_panel,20,8,0.595119103791264,-0.15153875733941613
564,matched_random_panel,20,9,1.0693892232244935,0.17186476405934814
565,matched_random_panel,20,8,0.6157350044615955,-0.17872854488311649
566,matched_random_panel,20,11,0.9154342401161639,0.17290841336441504
567,matched_random_panel,20,8,0.7467152464150726,-0.052800717850864376
568,matched_random_panel,20,8,0.9815004030977907,0.3917121355753499
569,matched_random_panel,20,7,0.5938785502323447,-0.15267831615776503
570,matched_random_panel,20,10,0.8214204995883008,0.09364873633613069
571,matched_random_panel,20,12,0.8097984444209387,0.1898781466646611
572,matched_random_panel,20,9,0.9309551995603638,0.4290283554615918
573,matched_random_panel,20,10,0.770976472785849,-0.16620393117627807
574,matched_random_panel,20,9,1.753795001474653,0.720089101929765
575,matched_random_panel,20,11,0.9949869243972717,0.2865888348604628
576,matched_random_panel,20,7,0.5938785502323447,-0.22797070931596675
577,matched_random_panel,20,8,0.426102566624985,-0.21455940069880386
578,matched_random_panel,20,9,0.6881812276906003,0.21567968771577772
579,matched_random_panel,20,7,0.7700760534123143,0.044253529204238196
580,matched_random_panel,20,9,0.9625434239477791,0.10166819006155339
581,matched_random_panel,20,8,0.8797606855276943,-0.15264770771153713
582,matched_random_panel,20,8,0.9982611761881037,0.22699714579700525
583,matched_random_panel,20,8,0.8268713538489296,0.4416912424726004
584,matched_random_panel,20,7,0.8890493440711045,-0.011626207641208364
585,matched_random_panel,20,11,0.5890585360593905,0.07113069958742069
586,matched_random_panel,20,9,1.26676946946387,-0.08042632128751825
587,matched_random_panel,20,7,0.8008607301957452,0.06023588256569856
588,matched_random_panel,20,7,0.7700760534123143,0.044253529204238196
589,matched_random_panel,20,7,0.785734346450481,-0.2077867637277424
590,matched_random_panel,20,7,0.5413088063380237,-0.12410391282895744
591,matched_random_panel,20,9,0.8890493440711045,0.15969698540291055
592,matched_random_panel,20,8,0.36209642999998126,-0.42699101706268117
593,matched_random_panel,20,7,0.7700760534123143,0.044253529204238196
594,matched_random_panel,20,8,1.1183782364208985,0.051741298213405784
595,matched_random_panel,20,9,0.7106771303921144,0.06373649133838566
596,matched_random_panel,20,10,0.7779051999313977,0.04368512310999001
597,matched_random_panel,20,8,0.6171066859015072,-0.0845313922693976
598,matched_random_panel,20,8,0.59806629981366,0.10204457074488088
599,matched_random_panel,20,11,0.877931512394204,0.06898967183055438
600,matched_random_panel,20,10,1.0735975590398728,0.4491057436950677
601,matched_random_panel,20,8,0.8491340390203725,0.13097817832838649
602,matched_random_panel,20,9,0.6657390152927376,0.09108451097432524
603,matched_random_panel,20,11,0.7440751511479627,0.1719977508570949
604,matched_random_panel,20,11,0.6407418178451076,-0.02343541980149444
605,matched_random_panel,20,7,0.620268127892595,-0.3340440257498351
606,matched_random_panel,20,6,0.7570631626854927,0.2190119961908096
607,matched_random_panel,20,8,0.598229352597561,-0.1202821518505727
608,matched_random_panel,20,7,0.8333772801124464,-0.1215577727072239
609,matched_random_panel,20,9,1.0928097314732874,0.10167723181009314
610,matched_random_panel,20,7,0.8450908353792859,0.04315115484231935
611,matched_random_panel,20,8,1.3540310449905655,0.6676850231389955
612,matched_random_panel,20,7,1.019890839883526,-0.15627865570254174
613,matched_random_panel,20,8,0.6609453607050308,-0.19434705135187338
614,matched_random_panel,20,10,0.8358208378976852,0.022409420418753823
615,matched_random_panel,20,8,0.717731511918567,0.09548843164268594
616,matched_random_panel,20,8,0.6950589237269902,-0.11864559687670684
617,matched_random_panel,20,10,0.8812568771047948,-0.091822886582002
618,matched_random_panel,20,9,0.6600259826982845,0.03791811439168635
619,matched_random_panel,20,8,0.7688018327915597,0.13021441855516852
620,matched_random_panel,20,10,0.9394487100278317,0.10172946227317775
621,matched_random_panel,20,9,1.2242607784539477,0.10097932471971982
622,matched_random_panel,20,10,1.2220488357606498,0.5614076305098076
623,matched_random_panel,20,8,1.0569403222405984,0.34201907704974255
624,matched_random_panel,20,9,0.8826088544081937,0.2117800189505753
625,matched_random_panel,20,6,0.6900131715421233,0.220125248121101
626,matched_random_panel,20,8,0.8743011483576039,-0.07647638730224421
627,matched_random_panel,20,10,0.8715452866500464,0.3963115590301798
628,matched_random_panel,20,8,1.0655047267629583,-0.022515697929979983
629,matched_random_panel,20,9,0.5369659600714833,-0.07433758248190003
630,matched_random_panel,20,9,1.2242607784539477,0.18838975805289127
631,matched_random_panel,20,8,0.6938692780660524,-0.023921962262424268
632,matched_random_panel,20,9,0.49306652660644795,-0.34009674547746854
633,matched_random_panel,20,10,0.7544375872435978,0.19258776093770136
634,matched_random_panel,20,7,0.719114558698229,-0.11184373238695389
635,matched_random_panel,20,7,0.8633958794172654,-0.05947420284510635
636,matched_random_panel,20,10,0.6419513737875262,-0.2804644735915939
637,matched_random_panel,20,7,0.7410796071677207,-0.16072339338778002
638,matched_random_panel,20,9,0.5590059838804042,0.10167723181009314
639,matched_random_panel,20,9,1.0552769637008619,0.12332110982446176
640,matched_random_panel,20,9,0.9949869243972717,0.6699443525820985
641,matched_random_panel,20,9,0.6849772006348096,0.10552522653944518
642,matched_random_panel,20,8,0.8576906599587502,-0.03254237780706504
643,matched_random_panel,20,9,0.7440751511479627,-0.07022676097774638
644,matched_random_panel,20,7,0.9009489798207833,0.2005469374656101
645,matched_random_panel,20,7,0.9388932978547879,0.34201907704974255
646,matched_random_panel,20,8,0.844081019944737,-0.06697980960355687
647,matched_random_panel,20,9,0.5874985702335058,0.011229683693304127
648,matched_random_panel,20,9,0.9365898192078099,0.19002373814769047
649,matched_random_panel,20,10,0.8719221108000128,0.1553035477465733
650,matched_random_panel,20,8,0.905337156247203,0.3452240326486288
651,matched_random_panel,20,8,0.8916283560004598,0.03019570352868106
652,matched_random_panel,20,9,0.8167746049781178,0.3292788375704096
653,matched_random_panel,20,8,0.7763015563969946,0.10692041257066415
654,matched_random_panel,20,8,0.6836867582930557,-0.24749886842889557
655,matched_random_panel,20,10,0.6881217639797013,0.13021441855516852
656,matched_random_panel,20,7,1.072257326390943,0.20745538281038262
657,matched_random_panel,20,10,1.1627270183856904,0.4193482989700729
658,matched_random_panel,20,7,1.0826675857382526,0.5324551251154185
659,matched_random_panel,20,7,0.5702915944448488,-0.07022676097774638
660,matched_random_panel,20,7,0.7698296226499743,0.13794599598061774
661,matched_random_panel,20,8,0.5821443316447046,-0.2801819910829253
662,matched_random_panel,20,9,0.7844261203571367,-0.22797070931596675
663,matched_random_panel,20,9,0.9417363380116732,0.19106475031164538
664,matched_random_panel,20,6,0.4669445311610191,-0.13837581027024728
665,matched_random_panel,20,8,0.8786977808221124,0.13060651676511034
666,matched_random_panel,20,8,0.704716418456763,-0.06602318105706684
667,matched_random_panel,20,9,0.8890493440711045,-0.011626207641208364
668,matched_random_panel,20,11,1.04399380733518,0.5899363722312869
669,matched_random_panel,20,9,0.8633958794172654,-0.36356391011532296
670,matched_random_panel,20,8,0.6494064588224134,-0.034928343023553826
671,matched_random_panel,20,8,0.6483378366500168,0.10554782402135843
672,matched_random_panel,20,8,0.7497964132855192,0.12864791006414922
673,matched_random_panel,20,10,1.3276970138487219,0.3753317592371932
674,matched_random_panel,20,8,0.7267341983949263,0.2027588532799759
675,matched_random_panel,20,8,1.0623778336075382,0.11374184325393444
676,matched_random_panel,20,7,1.0264109869877716,0.2853290853971524
677,matched_random_panel,20,6,0.6216022640607739,-0.12849650689628261
678,matched_random_panel,20,8,0.6490878503128101,0.10453834778401921
679,matched_random_panel,20,8,0.5963709563424051,-0.09374192469912869
680,matched_random_panel,20,9,0.9949869243972717,0.21952258451882134
681,matched_random_panel,20,9,0.6428985957440091,0.018713823326975798
682,matched_random_panel,20,9,1.3742057614243237,0.8444443081969831
683,matched_random_panel,20,7,1.204280221850925,0.591808290330931
684,matched_random_panel,20,8,0.8267975892550227,-0.0699502620663123
685,matched_random_panel,20,5,0.8330798437701402,-0.1137944020616034
686,matched_random_panel,20,8,0.6854921528896847,0.0395178375155984
687,matched_random_panel,20,8,0.6623514239580348,-0.2816094986158275
688,matched_random_panel,20,9,0.8633958794172654,0.1719977508570949
689,matched_random_panel,20,9,1.0092464222970634,0.3441735185291379
690,matched_random_panel,20,7,0.9037359195323376,0.5240639930506503
691,matched_random_panel,20,9,0.9417363380116732,0.2452839977494509
692,matched_random_panel,20,9,0.8690627648924447,0.05323330472864374
693,matched_random_panel,20,10,0.883394278737688,0.10166819006155339
694,matched_random_panel,20,8,0.6820566596906841,-0.02659016400900502
695,matched_random_panel,20,7,0.49306652660644795,-0.10321945187648573
696,matched_random_panel,20,8,0.8023780022517296,0.2694376879567719
697,matched_random_panel,20,8,0.8808871823499184,0.09638087139220919
698,matched_random_panel,20,9,0.8690627648924447,0.14742353568977895
699,matched_random_panel,20,8,0.5478087402293782,-0.05043888263520052
700,matched_random_panel,20,8,0.7587884552791584,0.05508921984108439
701,matched_random_panel,20,9,1.0369553439145314,0.20537959709918097
702,matched_random_panel,20,7,0.9597904207378407,0.13702993323738488
703,matched_random_panel,20,7,0.6849772006348096,0.02776642500766613
704,matched_random_panel,20,9,0.9137680132132603,0.37438342944411684
705,matched_random_panel,20,10,0.9006251127540785,0.2807560305948217
706,matched_random_panel,20,10,0.8128942269986017,0.10927711763859982
707,matched_random_panel,20,8,0.6661656971527106,-0.29159457183782844
708,matched_random_panel,20,8,0.8270569463131783,0.008641809665048239
709,matched_random_panel,20,7,0.9520557702835079,-0.09441625016120903
710,matched_random_panel,20,8,0.7742742361549786,-0.08741522023415543
711,matched_random_panel,20,9,0.6894327985614122,-0.0463002038290673
712,matched_random_panel,20,10,0.7148958445451717,0.049213730224724805
713,matched_random_panel,20,11,0.9388932978547879,0.2452839977494509
714,matched_random_panel,20,8,0.9799901632444654,0.09387679526039006
715,matched_random_panel,20,9,0.5253258860139076,-0.24890078534981103
716,matched_random_panel,20,11,0.8025789109029258,0.09150066742488794
717,matched_random_panel,20,9,1.1726460776728163,0.40586568303745585
718,matched_random_panel,20,10,0.9739781489848691,0.3966748439656346
719,matched_random_panel,20,8,0.646657404214444,0.2035868791126922
720,matched_random_panel,20,9,0.7145307428259775,0.17186476405934814
721,matched_random_panel,20,8,0.38826691653635004,-0.2923557283245564
722,matched_random_panel,20,9,0.719114558698229,0.16023370881050086
723,matched_random_panel,20,7,0.597297463173797,-0.2716663509747473
724,matched_random_panel,20,8,0.667968469993804,-0.1401912842657496
725,matched_random_panel,20,9,0.5459079567657721,-0.00479859156915996
726,matched_random_panel,20,8,1.0185778743585918,0.09269709669874503
727,matched_random_panel,20,10,0.9941119060440716,0.15949265705537238
728,matched_random_panel,20,8,1.1068936625229702,0.3479361547397089
729,matched_random_panel,20,10,0.6293765028382443,-0.18517243994835803
730,matched_random_panel,20,10,0.6975994528068654,-0.06602318105706684
731,matched_random_panel,20,9,1.23121975120717,0.5938696751433586
732,matched_random_panel,20,8,0.898891897748139,0.4641724246790171
733,matched_random_panel,20,7,0.4924568332938464,-0.15796236358608623
734,matched_random_panel,20,9,0.7706764041090303,0.2452839977494509
735,matched_random_panel,20,8,0.6936618142622526,-0.1776403161408665
736,matched_random_panel,20,9,0.8770156256641113,0.21567968771577772
737,matched_random_panel,20,8,0.6918480788618325,0.03791811439168635
738,matched_random_panel,20,8,0.6015215191263077,0.2117800189505753
739,matched_random_panel,20,7,0.8008607301957452,0.07654347159688546
740,matched_random_panel,20,9,0.9520557702835079,-0.15627865570254174
741,matched_random_panel,20,8,0.7729671602579262,0.03828697054086756
742,matched_random_panel,20,9,0.7617855697832286,0.04311671701574182
743,matched_random_panel,20,9,0.6930379180742936,0.14319817725970974
744,matched_random_panel,20,12,0.7139283043595046,0.12988832928810995
745,matched_random_panel,20,7,1.0369919463127997,0.3942265664095559
746,matched_random_panel,20,8,0.831203944861131,-0.030573520143324595
747,matched_random_panel,20,8,1.0414108258540362,-0.018637583222599452
748,matched_random_panel,20,9,0.9280654580862122,0.001667685995188295
749,matched_random_panel,20,8,0.5813016398778026,-0.1452365312250062
750,matched_random_panel,20,9,0.6636580823957744,0.018713823326975798
751,matched_random_panel,20,9,0.8236204563548016,0.1085267707206754
752,matched_random_panel,20,8,0.9524725526065083,0.22557517017736284
753,matched_random_panel,20,8,0.9825104010003718,0.13690300471659123
754,matched_random_panel,20,7,0.8156592236325515,-0.2077867637277424
755,matched_random_panel,20,8,0.8501770201145167,0.14071759204254522
756,matched_random_panel,20,8,0.8880843243147756,0.0036304908244420564
757,matched_random_panel,20,10,0.8204437416620806,0.2174402392062218
758,matched_random_panel,20,8,1.1959878474438055,0.38376498970133355
759,matched_random_panel,20,9,0.9137680132132603,0.21952258451882134
760,matched_random_panel,20,7,0.9154342401161639,0.016795319337715164
761,matched_random_panel,20,11,0.8414598047703162,0.20537959709918097
762,matched_random_panel,20,9,1.2482998741095475,0.08818384636561882
763,matched_random_panel,20,11,0.7254682918433902,0.07113069958742069
764,matched_random_panel,20,8,0.7415553653528918,0.13854520453124777
765,matched_random_panel,20,10,0.6872697452935852,0.19080935360448734
766,matched_random_panel,20,9,0.8640028842139749,0.15460643570973237
767,matched_random_panel,20,8,0.4951186084707464,-0.25992867293172706
768,matched_random_panel,20,8,0.6373227867230337,-0.08514051983608867
769,matched_random_panel,20,8,0.7222914252708097,0.1587516053002439
770,matched_random_panel,20,10,0.7089770608806951,0.023680397827303135
771,matched_random_panel,20,8,0.6796605703185259,-0.18796010134489302
772,matched_random_panel,20,9,0.9949869243972717,0.2865888348604628
773,matched_random_panel,20,9,0.7485874933241773,0.10097932471971982
774,matched_random_panel,20,9,0.9949869243972717,0.18511836358040012
775,matched_random_panel,20,8,0.807206524962226,0.2994107352940383
776,matched_random_panel,20,7,0.7698296226499743,0.1587516053002439
777,matched_random_panel,20,8,0.6085704164892094,-0.059512868713430395
778,matched_random_panel,20,9,0.8051610908416966,0.21567968771577772
779,matched_random_panel,20,9,0.5992196954163735,-0.12410391282895744
780,matched_random_panel,20,7,1.0928097314732874,0.4608754746074588
781,matched_random_panel,20,7,0.7410796071677207,-0.0435059116860661
782,matched_random_panel,20,7,0.6218739047636617,0.04219601613778032
783,matched_random_panel,20,11,0.7930204586432591,0.2005469374656101
784,matched_random_panel,20,8,0.7625481186598244,-0.004583215161850451
785,matched_random_panel,20,10,1.2002893141621664,0.40345447538627627
786,matched_random_panel,20,9,0.7729635283375585,0.07113069958742069
787,matched_random_panel,20,9,0.9309551995603638,0.21311927732613922
788,matched_random_panel,20,9,0.6272568262706967,-0.23693232814151421
789,matched_random_panel,20,9,1.0275446880072103,0.2865888348604628
790,matched_random_panel,20,8,0.829019380652622,0.0014332265927803345
791,matched_random_panel,20,9,0.8565255156003264,0.11106898377054852
792,matched_random_panel,20,6,1.0497486046383095,0.10132827826490648
793,matched_random_panel,20,12,1.0903301673682289,0.24081929265014174
794,matched_random_panel,20,10,1.0833592875537228,0.4249982928985447
795,matched_random_panel,20,9,0.9365898192078099,0.18959648066299273
796,matched_random_panel,20,7,1.0840509893691932,0.14319817725970974
797,matched_random_panel,20,10,1.0932480303776357,0.27848190008021045
798,matched_random_panel,20,9,0.7761629685351763,-0.12410391282895744
799,matched_random_panel,20,8,0.864307858768274,0.11946210155733344
800,matched_random_panel,20,7,0.34575795883584454,-0.3046121154415513
801,matched_random_panel,20,9,0.35795220287332963,-0.3839721385665659
802,matched_random_panel,20,7,0.9625434239477791,0.020601345597403453
803,matched_random_panel,20,9,0.6099596943337906,0.29855009298365415
804,matched_random_panel,20,6,0.7849256907466791,-0.010790606865217267
805,matched_random_panel,20,11,0.6739430532412617,0.14319817725970974
806,matched_random_panel,20,9,0.8167746049781178,0.06023588256569856
807,matched_random_panel,20,9,0.6739430532412617,-0.19378528206734758
808,matched_random_panel,20,9,0.8334885540957601,0.3219415998973729
809,matched_random_panel,20,7,0.9351123264396293,0.19106475031164538
810,matched_random_panel,20,6,0.3729963650630435,-0.3622791525274201
811,matched_random_panel,20,9,0.8890493440711045,-0.011626207641208364
812,matched_random_panel,20,10,0.9065219194169166,0.24733833098013297
813,matched_random_panel,20,9,0.7617855697832286,0.10755723393641836
814,matched_random_panel,20,8,0.6201741613764908,-0.024702824430405834
815,matched_random_panel,20,11,0.4670415595863714,0.09082245287507285
816,matched_random_panel,20,9,0.9597904207378407,-0.18676625281481884
817,matched_random_panel,20,8,0.6049766713646241,-0.015055758136994724
818,matched_random_panel,20,8,0.6667979066028891,-0.011217861383702024
819,matched_random_panel,20,9,0.9280654580862122,0.19106475031164538
820,matched_random_panel,20,8,0.9924480070779347,0.08499064449677401
821,matched_random_panel,20,10,0.5813303246995439,-0.05373384563736433
822,matched_random_panel,20,10,0.5461469233033701,0.012947191815828485
823,matched_random_panel,20,10,0.7431500778556924,0.06573107058595645
824,matched_random_panel,20,8,0.8950419966958102,-0.24300676309514763
825,matched_random_panel,20,11,0.6739430532412617,-0.17655959782936848
826,matched_random_panel,20,9,0.7930204586432591,0.1719977508570949
827,matched_random_panel,20,9,0.6950491424494369,0.1013237573906366
828,matched_random_panel,20,8,0.4732226012713464,-0.20593263332424588
829,matched_random_panel,20,8,0.6664983399355462,-0.027300428952115235
830,matched_random_panel,20,13,0.7485874933241773,0.07113069958742069
831,matched_random_panel,20,7,0.6163807871309288,-0.2801819910829253
832,matched_random_panel,20,8,0.8307530458547634,0.22496567434193188
833,matched_random_panel,20,9,0.8334885540957601,0.2810916119198794
834,matched_random_panel,20,9,0.597297463173797,-0.12410391282895744
835,matched_random_panel,20,9,0.6863582628965701,0.04315115484231935
836,matched_random_panel,20,10,0.7476387636167027,0.13213841591984454
837,matched_random_panel,20,8,0.6525044183916138,0.015335591946907423
838,matched_random_panel,20,9,0.73687581525088,-0.12410391282895744
839,matched_random_panel,20,7,0.9037359195323376,0.2972414292346769
840,matched_random_panel,20,9,0.5658232149376727,-0.3340440257498351
841,matched_random_panel,20,8,0.8341721330717606,0.1778625784706733
842,matched_random_panel,20,8,0.9415054849219358,0.21985101639363464
843,matched_random_panel,20,9,0.6272568262706967,-0.24890078534981103
844,matched_random_panel,20,8,0.6449481498311005,-0.025834191495908654
845,matched_random_panel,20,6,0.829117204874217,0.10896205353695285
846,matched_random_panel,20,9,0.6950491424494369,0.2451563622036363
847,matched_random_panel,20,8,1.0601772097402489,0.41253949897730435
848,matched_random_panel,20,6,0.6267108852276291,-0.24335893031019945
849,matched_random_panel,20,7,0.35795220287332963,-0.2716663509747473
850,matched_random_panel,20,7,0.6889955196658539,-0.16072339338778002
851,matched_random_panel,20,9,0.6099596943337906,-0.03951853553116813
852,matched_random_panel,20,9,1.2608029539301635,0.5240639930506503
853,matched_random_panel,20,8,0.5644036882857648,-0.015426638079313645
854,matched_random_panel,20,8,0.5285396871792027,-0.1633283374209567
855,matched_random_panel,20,8,0.6998363250289842,0.08793205518615205
856,matched_random_panel,20,12,0.5680297666633911,-0.39162245798275136
857,matched_random_panel,20,9,0.7440751511479627,-0.18581332011361895
858,matched_random_panel,20,10,0.619744834012574,-0.030051367430371956
859,matched_random_panel,20,11,0.5702915944448488,-0.20185708999012086
860,matched_random_panel,20,11,0.9187672642058994,0.38959990709937153
861,matched_random_panel,20,8,0.8381315261820755,-0.09537139563757757
862,matched_random_panel,20,9,0.6849772006348096,-0.03951853553116813
863,matched_random_panel,20,12,1.171112208972946,0.2815733260276274
864,matched_random_panel,20,8,0.9807616567137004,0.39807618044075976
865,matched_random_panel,20,9,1.2879642694211864,0.3153253346264484
866,matched_random_panel,20,8,0.7379015596732559,0.06653136173922634
867,matched_random_panel,20,10,0.8684705966495239,0.24293833879772858
868,matched_random_panel,20,9,0.9187672642058994,0.05508921984108439
869,matched_random_panel,20,10,0.45948532873442605,-0.1599786033943904
870,matched_random_panel,20,10,0.6912777182161055,0.03522672599364762
871,matched_random_panel,20,10,0.6618014608590221,0.19018189808739883
872,matched_random_panel,20,9,0.9520557702835079,0.16715224492337666
873,matched_random_panel,20,9,1.0115087141288626,-0.15267831615776503
874,matched_random_panel,20,8,0.5901256443893197,-0.14180625137249359
875,matched_random_panel,20,10,1.2714157103776142,0.43827360060022125
876,matched_random_panel,20,11,0.6097690801061876,0.044253529204238196
877,matched_random_panel,20,7,0.9351123264396293,0.13702993323738488
878,matched_random_panel,20,9,0.7706764041090303,0.065344257388431
879,matched_random_panel,20,9,0.8633958794172654,-0.02343541980149444
880,matched_random_panel,20,8,0.8078836197441581,0.277420790122785
881,matched_random_panel,20,5,0.8640028842139749,-0.1215577727072239
882,matched_random_panel,20,8,0.7845080410202945,0.04639359972257451
883,matched_random_panel,20,9,0.7698296226499743,-0.2580428168743285
884,matched_random_panel,20,7,0.4730837278309549,-0.12410391282895744
885,matched_random_panel,20,7,0.4562055472103671,-0.3238295808306634
886,matched_random_panel,20,8,1.096606560708631,0.259941794699141
887,matched_random_panel,20,10,0.9962119134692117,0.19678808074926774
888,matched_random_panel,20,9,0.6863582628965701,0.15460643570973237
889,matched_random_panel,20,8,0.9870763580759723,0.012682733650700995
890,matched_random_panel,20,9,0.4519290978824807,-0.15264770771153713
891,matched_random_panel,20,10,0.4056174398289767,-0.26391465390859137
892,matched_random_panel,20,7,0.6863582628965701,-0.11391346462064394
893,matched_random_panel,20,10,0.5899979836442427,-0.11797382260795566
894,matched_random_panel,20,6,0.6763625590570435,-0.15586638118048646
895,matched_random_panel,20,8,1.0548402527358183,0.07176510172324674
896,matched_random_panel,20,8,0.707081850573833,0.15097489127997682
897,matched_random_panel,20,9,0.5890585360593905,-0.1254161971986223
898,matched_random_panel,20,9,0.6218739047636617,0.059312606716413474
899,matched_random_panel,20,6,0.5681699977722247,-0.044706092316844054
900,matched_random_panel,20,9,0.6518350163966106,-0.11391346462064394
901,matched_random_panel,20,10,0.529421575248546,-0.31105015332451913
902,matched_random_panel,20,10,0.5512461661839594,-0.22129855985933078
903,matched_random_panel,20,9,0.7706764041090303,0.05244569247216824
904,matched_random_panel,20,9,0.5938785502323447,-0.011626207641208364
905,matched_random_panel,20,12,1.1275044077786514,-0.0057156569480314445
906,matched_random_panel,20,7,1.0115087141288626,0.1662113091539732
907,matched_random_panel,20,9,0.7440751511479627,-0.11391346462064394
908,matched_random_panel,20,10,0.9564911709147005,0.2810916119198794
909,matched_random_panel,20,8,1.0423236483851057,0.26318780483466514
910,matched_random_panel,20,8,0.8582757306196904,0.20621812133641376
911,matched_random_panel,20,9,0.6069565455323177,-0.15264770771153713
912,matched_random_panel,20,10,0.8198860509892973,0.060648884845223905
913,matched_random_panel,20,8,0.8766822120929638,0.14117501640196706
914,matched_random_panel,20,9,0.9525150729419111,0.31387892673836226
915,matched_random_panel,20,9,0.6218739047636617,0.06789747078300712
916,matched_random_panel,20,7,0.7700760534123143,0.044253529204238196
917,matched_random_panel,20,8,0.6426550343039048,-0.15139208623873399
918,matched_random_panel,20,9,0.34575795883584454,-0.3419714042756101
919,matched_random_panel,20,7,0.9597904207378407,0.34201907704974255
920,matched_random_panel,20,8,0.6773672674792958,0.06710061399503353
921,matched_random_panel,20,6,0.5973830137182609,-0.12133785550411968
922,matched_random_panel,20,9,0.8338538112783007,0.10097932471971982
923,matched_random_panel,20,10,0.7337471200145811,0.09823615089747485
924,matched_random_panel,20,9,0.6571289692611736,0.2005469374656101
925,matched_random_panel,20,11,0.9037359195323376,0.07654347159688546
926,matched_random_panel,20,8,1.5208714401889172,0.5415308946225712
927,matched_random_panel,20,10,0.8048257613154681,-0.07022676097774638
928,matched_random_panel,20,10,0.6727488233902051,-0.14179094714937962
929,matched_random_panel,20,9,0.6069565455323177,0.04311671701574182
930,matched_random_panel,20,7,0.7485874933241773,-0.13265019750098306
931,matched_random_panel,20,10,0.9937500169738958,0.311555344484811
932,matched_random_panel,20,9,0.8008607301957452,0.06023588256569856
933,matched_random_panel,20,9,0.9597904207378407,0.21311927732613922
934,matched_random_panel,20,7,0.9137680132132603,0.4689514665126185
935,matched_random_panel,20,9,0.7700760534123143,0.1662113091539732
936,matched_random_panel,20,8,0.8615957385254707,0.2494986451593812
937,matched_random_panel,20,10,0.576402193407657,-0.04077380828517217
938,matched_random_panel,20,8,0.8861252242675767,-0.0072150026537873
939,matched_random_panel,20,9,0.4670415595863714,-0.15264770771153713
940,matched_random_panel,20,9,0.6889955196658539,0.03791811439168635
941,matched_random_panel,20,10,1.2519710485505353,0.6186849189317961
942,matched_random_panel,20,10,0.9502063698928886,0.20745538281038262
943,matched_random_panel,20,8,0.6270022213141365,0.030999563789840257
944,matched_random_panel,20,7,0.6736430442813669,-0.20114809208164097
945,matched_random_panel,20,8,0.8993671332199622,-0.0501163118427984
946,matched_random_panel,20,7,0.6272568262706967,-0.3207370841170015
947,matched_random_panel,20,8,0.7932975383231131,-0.03193401513162944
948,matched_random_panel,20,9,0.6889955196658539,0.03791811439168635
949,matched_random_panel,20,9,0.8156592236325515,0.09480411173339631
950,matched_random_panel,20,8,0.9023424496765604,0.17032771161217436
951,matched_random_panel,20,9,0.8156592236325515,0.13702993323738488
952,matched_random_panel,20,9,0.9520557702835079,0.09997665263131816
953,matched_random_panel,20,8,0.7765588345912364,0.19471515778969645
954,matched_random_panel,20,8,0.6584615236065493,-0.02643831496239865
955,matched_random_panel,20,8,0.6856592061656129,-0.008936389282161783
956,matched_random_panel,20,10,0.6589691660823515,0.06023588256569856
957,matched_random_panel,20,9,0.8450908353792859,0.2005469374656101
958,matched_random_panel,20,9,0.8334885540957601,-0.2816094986158275
959,matched_random_panel,20,9,0.6600259826982845,-0.16693426668520583
960,matched_random_panel,20,8,0.7403765919022144,0.049671374522661293
961,matched_random_panel,20,9,0.8633958794172654,0.18511836358040012
962,matched_random_panel,20,10,0.8686122368140488,0.44927474670202683
963,matched_random_panel,20,11,0.6947006380578111,0.026493657957051497
964,matched_random_panel,20,7,0.8387874333674605,0.05244569247216824
965,matched_random_panel,20,8,0.8897065223772042,-0.0007711100331962983
966,matched_random_panel,20,10,1.0758417334341634,0.252921167834387
967,matched_random_panel,20,9,0.5044304741095899,-0.3340440257498351
968,matched_random_panel,20,10,0.836782771091156,-0.15543508282188814
969,matched_random_panel,20,10,0.7661709394833662,-0.04374904140346797
970,matched_random_panel,20,8,0.8172743994071965,0.2019539837519401
971,matched_random_panel,20,9,0.8121353737397291,0.15969698540291055
972,matched_random_panel,20,6,0.9654055852995456,0.4593142827370622
973,matched_random_panel,20,10,1.2041780633989843,0.28155388681809085
974,matched_random_panel,20,9,0.9037359195323376,0.012947191815828485
975,matched_random_panel,20,9,0.5298336858586118,-0.1527278702687771
976,matched_random_panel,20,9,1.0667252222503998,0.5240639930506503
977,matched_random_panel,20,8,0.5969316363355011,-0.08744595591709009
978,matched_random_panel,20,9,0.8770156256641113,0.21952258451882134
979,matched_random_panel,20,9,0.898801585477879,0.5240639930506503
980,matched_random_panel,20,7,0.7285213231999781,-0.18676625281481884
981,matched_random_panel,20,7,0.6097690801061876,-0.14132656696328005
982,matched_random_panel,20,9,0.8334885540957601,0.15969698540291055
983,matched_random_panel,20,11,0.7145307428259775,0.06033144158449222
984,matched_random_panel,20,8,0.8267825979573475,0.2812541602318933
985,matched_random_panel,20,8,0.7134791970012424,-0.07665646879638577
986,matched_random_panel,20,6,1.182720350808181,0.4139861685921962
987,matched_random_panel,20,10,0.5508681239895921,-0.13073887881811036
988,matched_random_panel,20,7,0.7425812631777661,0.13794599598061774
989,matched_random_panel,20,9,0.6163807871309288,-0.1215577727072239
990,matched_random_panel,20,9,0.7440751511479627,-0.03951853553116813
991,matched_random_panel,20,11,0.5874985702335058,0.043963009462567926
992,matched_random_panel,20,12,0.8973640598806538,0.10453834778401921
993,matched_random_panel,20,9,0.947741729164173,0.2849390312007525
994,matched_random_panel,20,10,1.3199128831014768,0.41379012774305884
995,matched_random_panel,20,8,0.37904871085387204,0.04219601613778032
996,matched_random_panel,20,7,0.4519290978824807,-0.19378528206734758
997,matched_random_panel,20,8,1.0768648758308483,-0.04159328323395245
998,matched_random_panel,20,7,0.9597904207378407,-0.1254161971986223
999,matched_random_panel,20,8,0.9885979856841122,0.21052964240747934
