model,metric,k,common_neighbors,us_overlap,us_jaccard,uniform_random_expected_overlap
adapter_only,raw_cosine,5,1.5395348837209302,0.30790697674418605,0.2022725175341454,0.0029086678301337987
adapter_only,raw_cosine,10,3.558720930232558,0.35587209302325584,0.23061795081063927,0.005817335660267597
adapter_only,raw_cosine,15,5.809883720930233,0.38732558139534884,0.2517968648232745,0.008726003490401396
adapter_only,raw_cosine,30,13.14593023255814,0.4381976744186047,0.28988114042164526,0.017452006980802792
adapter_only,raw_cosine,50,23.83372093023256,0.47667441860465115,0.32137490964573456,0.029086678301337987
adapter_only,zscore_rms,5,1.7494186046511628,0.3498837209302326,0.23425618309339238,0.0029086678301337987
adapter_only,zscore_rms,10,4.083720930232558,0.4083720930232558,0.27222154660325154,0.005817335660267597
adapter_only,zscore_rms,15,6.6377906976744185,0.44251937984496126,0.29680238463523445,0.008726003490401396
adapter_only,zscore_rms,30,14.834883720930232,0.49449612403100773,0.3383952313271677,0.017452006980802792
adapter_only,zscore_rms,50,26.809883720930234,0.5361976744186047,0.3750702093067042,0.029086678301337987
joint_epoch29,raw_cosine,5,1.583720930232558,0.31674418604651167,0.20891011443337024,0.0029086678301337987
joint_epoch29,raw_cosine,10,3.7203488372093023,0.37203488372093024,0.2428816869664843,0.005817335660267597
joint_epoch29,raw_cosine,15,6.067441860465117,0.40449612403100776,0.2647280540833672,0.008726003490401396
joint_epoch29,raw_cosine,30,13.794186046511628,0.4598062015503876,0.3078147180059443,0.017452006980802792
joint_epoch29,raw_cosine,50,25.28546511627907,0.5057093023255814,0.34724724400504403,0.029086678301337987
joint_epoch29,zscore_rms,5,1.8784883720930232,0.3756976744186047,0.25408822443706164,0.0029086678301337987
joint_epoch29,zscore_rms,10,4.370348837209303,0.43703488372093025,0.2949706350900641,0.005817335660267597
joint_epoch29,zscore_rms,15,7.095348837209302,0.4730232558139535,0.32190222839619753,0.008726003490401396
joint_epoch29,zscore_rms,30,15.844767441860466,0.5281589147286821,0.3678896905987659,0.017452006980802792
joint_epoch29,zscore_rms,50,28.61918604651163,0.5723837209302326,0.40909869870023385,0.029086678301337987
reconstruction_epoch29,raw_cosine,5,1.7924418604651162,0.35848837209302326,0.2414313399778516,0.0029086678301337987
reconstruction_epoch29,raw_cosine,10,4.151162790697675,0.41511627906976745,0.27765465463688876,0.005817335660267597
reconstruction_epoch29,raw_cosine,15,6.648837209302326,0.44325581395348834,0.2973564606867221,0.008726003490401396
reconstruction_epoch29,raw_cosine,30,14.761046511627907,0.4920348837209302,0.33591697035327345,0.017452006980802792
reconstruction_epoch29,raw_cosine,50,26.575,0.5315000000000001,0.37034613907710345,0.029086678301337987
reconstruction_epoch29,zscore_rms,5,2.1633720930232556,0.43267441860465117,0.30266934293097086,0.0029086678301337987
reconstruction_epoch29,zscore_rms,10,4.962209302325581,0.49622093023255814,0.3478874171004634,0.005817335660267597
reconstruction_epoch29,zscore_rms,15,7.940697674418605,0.5293798449612402,0.37417590244324184,0.008726003490401396
reconstruction_epoch29,zscore_rms,30,17.677906976744186,0.5892635658914729,0.42803204190312216,0.017452006980802792
reconstruction_epoch29,zscore_rms,50,31.69418604651163,0.6338837209302326,0.47257129045166024,0.029086678301337987
zero_shot,raw_cosine,5,1.6726744186046512,0.3345348837209302,0.2220238095238095,0.0029086678301337987
zero_shot,raw_cosine,10,3.855232558139535,0.3855232558139535,0.25285326988113366,0.005817335660267597
zero_shot,raw_cosine,15,6.295930232558139,0.4197286821705426,0.27744452363360467,0.008726003490401396
zero_shot,raw_cosine,30,14.097093023255814,0.4699031007751938,0.3161946000236034,0.017452006980802792
zero_shot,raw_cosine,50,25.368023255813952,0.5073604651162791,0.3481696899901783,0.029086678301337987
zero_shot,zscore_rms,5,2.094767441860465,0.41895348837209306,0.29063999630860093,0.0029086678301337987
zero_shot,zscore_rms,10,4.754069767441861,0.4754069767441861,0.3294598286570351,0.005817335660267597
zero_shot,zscore_rms,15,7.722093023255814,0.5148062015503876,0.3602439505906431,0.008726003490401396
zero_shot,zscore_rms,30,17.113953488372093,0.5704651162790697,0.4086142415523246,0.017452006980802792
zero_shot,zscore_rms,50,30.649418604651164,0.6129883720930233,0.44981306096004814,0.029086678301337987
