setting,method,n_samples,spearman,mae
all_27_samples,absolute_bins,27,0.8485542106503793,0.16306137033797916
all_27_samples,pair_mask,27,0.8405227547068373,0.15377493117092633
all_27_samples,raw_distance,27,0.8321823966116207,0.1924870480189595
all_27_samples,s_bins,27,0.8714129698743065,0.15039796360693727
all_27_samples,signed_bins,27,0.8411405590101868,0.16126246591971086
all_27_samples,u_s_concat,27,0.8692506548125838,0.14549962346116607
samples_at_least_30_cells,absolute_bins,20,0.9722556741134164,0.09481471568719387
samples_at_least_30_cells,pair_mask,20,0.9692030660314276,0.08053497699610937
samples_at_least_30_cells,raw_distance,20,0.9676767619904332,0.1110354514471668
samples_at_least_30_cells,s_bins,20,0.9798871943183882,0.09732673692557685
samples_at_least_30_cells,signed_bins,20,0.9798871943183882,0.09070471646671527
samples_at_least_30_cells,u_s_concat,20,0.9692030660314276,0.08748558994323888
